record_id,district,crop,season,growth_stage,crop_age_days,temperature_C,humidity_pct,rainfall_mm,soil_moisture_pct,wind_speed_kmh,prev_disease_history,likely_disease,risk_level
AGR0001,Bharatpur,Mustard,Rabi,Maturity,96,16.0,46.4,2.7,14.3,12.3,0,None,Low
AGR0002,Banswara,Maize,Kharif,Vegetative,34,36.6,95.1,30.2,63.8,24.2,0,Common Rust,Medium
AGR0003,Jaisalmer,Bajra,Kharif,Maturity,85,38.4,58.3,24.3,36.8,3.3,1,None,Low
AGR0004,Jodhpur,Bajra,Kharif,Flowering,47,35.6,95.6,6.9,41.3,20.5,0,Ergot,Medium
AGR0005,Bikaner,Wheat,Rabi,Flowering,69,25.1,62.1,9.8,25.4,9.9,0,None,Low
AGR0006,Sriganganagar,Wheat,Rabi,Vegetative,25,9.2,42.0,0.4,10.0,16.3,1,None,Low
AGR0007,Hanumangarh,Wheat,Rabi,Flowering,72,10.9,78.0,13.1,34.7,19.6,1,Powdery Mildew,Medium
AGR0008,Nagaur,Chickpea,Rabi,Flowering,60,19.1,60.8,23.6,55.6,2.3,0,Wilt,Medium
AGR0009,Jaisalmer,Bajra,Kharif,Seedling,15,27.1,87.4,4.9,28.8,2.1,0,Ergot,Medium
AGR0010,Nagaur,Bajra,Kharif,Flowering,57,29.2,54.4,29.3,56.2,6.3,0,None,Low
AGR0011,Bikaner,Wheat,Rabi,Vegetative,28,32.2,73.1,17.5,42.8,17.3,0,None,Low
AGR0012,Rajsamand,Maize,Kharif,Flowering,47,39.3,60.7,43.7,66.5,22.1,0,None,Low
AGR0013,Baran,Soybean,Kharif,Flowering,53,37.0,76.9,12.3,32.8,11.9,1,Bacterial Pustule,Medium
AGR0014,Bikaner,Wheat,Rabi,Seedling,3,29.4,31.7,19.6,29.9,6.7,0,None,Low
AGR0015,Hanumangarh,Wheat,Rabi,Flowering,59,11.9,36.4,0.7,11.4,14.7,0,None,Low
AGR0016,Hanumangarh,Wheat,Rabi,Maturity,90,13.9,84.4,14.4,45.6,3.9,0,Powdery Mildew,Medium
AGR0017,Alwar,Mustard,Rabi,Flowering,57,26.6,79.4,18.6,43.8,2.1,1,Alternaria Blight,High
AGR0018,Alwar,Mustard,Rabi,Flowering,47,32.2,73.7,4.0,24.4,1.5,1,White Rust,Medium
AGR0019,Bharatpur,Mustard,Rabi,Flowering,66,23.0,38.6,20.9,32.3,10.0,0,White Rust,Medium
AGR0020,Churu,Wheat,Rabi,Maturity,96,32.6,61.1,4.6,17.9,3.9,0,None,Low
AGR0021,Jodhpur,Bajra,Kharif,Maturity,67,33.5,86.6,39.1,66.5,7.7,0,Ergot,Medium
AGR0022,Bikaner,Wheat,Rabi,Seedling,14,13.5,30.9,17.0,34.6,2.1,0,None,Low
AGR0023,Sriganganagar,Wheat,Rabi,Seedling,17,19.4,63.1,23.4,44.4,8.7,0,None,Low
AGR0024,Bharatpur,Mustard,Rabi,Vegetative,45,14.7,66.0,15.5,36.2,9.3,0,White Rust,Medium
AGR0025,Dausa,Mustard,Rabi,Vegetative,34,33.1,76.5,5.6,26.3,6.7,0,None,Low
AGR0026,Jhalawar,Soybean,Kharif,Vegetative,45,32.2,87.1,2.2,27.2,19.4,0,Bacterial Pustule,Medium
AGR0027,Bikaner,Wheat,Rabi,Vegetative,40,25.5,42.7,17.0,35.1,26.3,0,None,Low
AGR0028,Bharatpur,Mustard,Rabi,Vegetative,41,9.3,47.6,11.0,25.0,25.2,0,None,Low
AGR0029,Jodhpur,Bajra,Kharif,Flowering,59,41.2,71.3,37.5,67.3,14.9,0,None,Low
AGR0030,Bikaner,Wheat,Rabi,Maturity,101,22.5,45.3,5.4,27.2,8.1,0,None,Low
AGR0031,Nagaur,Bajra,Kharif,Vegetative,38,33.1,51.4,45.4,65.8,4.4,1,Ergot,Medium
AGR0032,Churu,Wheat,Rabi,Maturity,92,13.9,58.5,17.8,36.7,2.7,0,None,Low
AGR0033,Hanumangarh,Wheat,Rabi,Maturity,98,16.6,83.3,6.6,36.1,8.8,0,Powdery Mildew,Medium
AGR0034,Nagaur,Chickpea,Rabi,Flowering,80,30.6,32.8,11.6,31.2,10.6,0,None,Low
AGR0035,Dungarpur,Maize,Kharif,Flowering,53,28.3,63.7,4.6,18.4,8.8,0,None,Low
AGR0036,Bundi,Soybean,Kharif,Flowering,64,22.9,87.5,19.9,41.6,12.4,0,Bacterial Pustule,Medium
AGR0037,Alwar,Mustard,Rabi,Flowering,57,32.1,66.2,0.2,20.1,26.4,0,None,Low
AGR0038,Bikaner,Wheat,Rabi,Seedling,10,14.4,35.9,19.2,33.3,14.0,0,None,Low
AGR0039,Jaisalmer,Bajra,Kharif,Vegetative,28,30.7,62.0,27.4,55.0,7.7,1,None,Low
AGR0040,Dausa,Mustard,Rabi,Vegetative,41,32.3,41.8,22.1,41.8,15.7,1,None,Low
AGR0041,Sriganganagar,Wheat,Rabi,Flowering,77,30.4,69.2,17.4,41.5,9.1,1,Powdery Mildew,Medium
AGR0042,Alwar,Mustard,Rabi,Maturity,90,14.3,41.6,21.4,43.4,23.0,1,White Rust,Medium
AGR0043,Churu,Wheat,Rabi,Flowering,74,19.9,37.3,9.6,19.3,17.3,0,None,Low
AGR0044,Sikar,Chickpea,Rabi,Vegetative,42,20.3,72.9,24.9,52.8,5.4,1,Wilt,Medium
AGR0045,Churu,Wheat,Rabi,Flowering,79,20.4,53.7,7.6,19.2,5.5,1,Powdery Mildew,Medium
AGR0046,Jodhpur,Bajra,Kharif,Flowering,43,23.3,92.6,21.0,52.8,13.9,0,Ergot,Medium
AGR0047,Bharatpur,Mustard,Rabi,Vegetative,39,32.8,72.7,3.3,18.5,15.8,0,None,Low
AGR0048,Dausa,Mustard,Rabi,Vegetative,27,19.9,73.8,18.1,38.3,19.3,1,White Rust,Medium
AGR0049,Tonk,Mustard,Rabi,Flowering,70,17.2,74.3,1.3,32.4,4.5,0,White Rust,Medium
AGR0050,Sriganganagar,Wheat,Rabi,Flowering,65,17.1,34.2,5.9,10.0,23.2,1,Powdery Mildew,Medium
AGR0051,Rajsamand,Maize,Kharif,Vegetative,36,41.0,64.6,13.2,34.1,7.8,0,None,Low
AGR0052,Bundi,Soybean,Kharif,Maturity,92,27.6,51.7,46.3,75.2,6.0,0,Bacterial Pustule,Medium
AGR0053,Pali,Chickpea,Rabi,Flowering,51,19.3,30.5,21.4,45.9,20.5,0,Wilt,Medium
AGR0054,Nagaur,Chickpea,Rabi,Vegetative,23,33.6,73.0,7.8,32.1,6.9,0,None,Low
AGR0055,Jodhpur,Bajra,Kharif,Vegetative,25,36.0,67.5,28.3,55.4,0.2,0,None,Low
AGR0056,Ajmer,Chickpea,Rabi,Flowering,75,9.7,59.4,14.2,35.1,21.0,0,None,Low
AGR0057,Bikaner,Wheat,Rabi,Flowering,64,11.6,58.2,4.9,28.6,2.6,0,None,Low
AGR0058,Bikaner,Wheat,Rabi,Flowering,77,19.1,39.0,5.5,20.5,8.9,0,None,Low
AGR0059,Sriganganagar,Wheat,Rabi,Flowering,66,15.0,34.8,2.2,10.2,5.4,0,None,Low
AGR0060,Alwar,Mustard,Rabi,Flowering,65,9.4,64.5,7.2,33.6,7.8,1,None,Low
AGR0061,Tonk,Mustard,Rabi,Flowering,55,17.0,66.5,21.8,43.8,21.3,1,White Rust,Medium
AGR0062,Hanumangarh,Wheat,Rabi,Flowering,72,27.6,56.6,17.3,29.7,15.5,0,Powdery Mildew,Medium
AGR0063,Jhalawar,Soybean,Kharif,Maturity,94,26.3,60.0,14.8,27.8,25.5,0,None,Low
AGR0064,Alwar,Mustard,Rabi,Vegetative,22,22.8,70.4,8.7,30.6,11.4,0,None,Low
AGR0065,Sriganganagar,Wheat,Rabi,Flowering,70,11.4,39.4,20.7,37.2,16.4,1,Powdery Mildew,Medium
AGR0066,Dausa,Mustard,Rabi,Vegetative,39,17.1,74.2,6.2,34.5,27.3,1,White Rust,Medium
AGR0067,Churu,Wheat,Rabi,Maturity,86,17.3,48.6,7.8,27.1,3.4,0,None,Low
AGR0068,Kota,Soybean,Kharif,Maturity,85,24.2,81.1,43.8,77.3,22.1,0,Rust,High
AGR0069,Sriganganagar,Wheat,Rabi,Seedling,14,11.8,60.0,2.6,26.2,1.3,1,None,Low
AGR0070,Banswara,Maize,Kharif,Vegetative,40,35.1,75.7,4.1,27.7,1.0,1,Common Rust,Medium
AGR0071,Bundi,Soybean,Kharif,Flowering,72,41.8,51.4,22.2,35.6,14.1,1,None,Low
AGR0072,Hanumangarh,Wheat,Rabi,Flowering,55,11.2,39.3,8.8,14.8,21.3,1,Powdery Mildew,Medium
AGR0073,Bikaner,Wheat,Rabi,Flowering,72,21.7,65.1,24.6,55.4,21.5,0,Powdery Mildew,Medium
AGR0074,Bundi,Soybean,Kharif,Flowering,71,30.7,71.4,30.9,47.3,18.6,0,Bacterial Pustule,Medium
AGR0075,Nagaur,Bajra,Kharif,Seedling,13,32.0,81.0,1.2,24.7,12.0,0,None,Low
AGR0076,Jaisalmer,Bajra,Kharif,Vegetative,40,27.6,56.2,5.0,37.8,16.9,0,None,Low
AGR0077,Bundi,Soybean,Kharif,Vegetative,37,32.5,62.2,23.5,49.2,13.8,0,None,Low
AGR0078,Churu,Wheat,Rabi,Flowering,54,13.3,65.9,19.5,42.1,22.2,0,Powdery Mildew,Medium
AGR0079,Alwar,Mustard,Rabi,Flowering,48,24.3,58.1,1.5,10.8,8.1,0,None,Low
AGR0080,Sriganganagar,Wheat,Rabi,Seedling,15,10.5,83.0,3.4,37.1,4.2,0,Powdery Mildew,Medium
AGR0081,Ajmer,Chickpea,Rabi,Vegetative,40,32.0,81.9,19.1,53.6,0.2,0,Wilt,Medium
AGR0082,Jodhpur,Bajra,Kharif,Flowering,64,22.0,68.1,7.2,32.5,0.5,0,Ergot,Medium
AGR0083,Bharatpur,Mustard,Rabi,Flowering,63,20.5,81.9,8.1,34.3,18.5,0,White Rust,Medium
AGR0084,Churu,Wheat,Rabi,Flowering,78,25.6,43.8,16.3,35.6,5.9,1,Powdery Mildew,Medium
AGR0085,Dausa,Mustard,Rabi,Maturity,94,11.3,68.6,2.8,23.2,27.9,1,None,Low
AGR0086,Dausa,Mustard,Rabi,Seedling,12,13.0,62.7,10.3,26.3,3.5,0,None,Low
AGR0087,Barmer,Bajra,Kharif,Flowering,46,22.6,79.9,40.3,77.1,23.6,0,Downy Mildew,High
AGR0088,Barmer,Bajra,Kharif,Vegetative,19,31.7,87.3,33.6,66.3,20.3,0,Ergot,Medium
AGR0089,Sikar,Chickpea,Rabi,Flowering,66,21.3,64.8,20.1,46.2,11.1,1,Wilt,Medium
AGR0090,Dausa,Mustard,Rabi,Vegetative,43,29.8,62.6,4.1,23.1,0.7,0,None,Low
AGR0091,Bikaner,Wheat,Rabi,Flowering,51,17.8,60.1,21.0,45.5,3.6,0,Powdery Mildew,Medium
AGR0092,Jodhpur,Bajra,Kharif,Seedling,3,38.0,91.4,7.5,36.3,23.8,1,Ergot,Medium
AGR0093,Bundi,Soybean,Kharif,Seedling,14,41.8,84.9,39.2,72.0,27.8,0,None,Low
AGR0094,Nagaur,Bajra,Kharif,Maturity,87,34.1,64.8,41.9,69.9,17.2,0,None,Low
AGR0095,Kota,Soybean,Kharif,Flowering,67,33.6,62.2,37.8,78.8,2.3,0,Bacterial Pustule,Medium
AGR0096,Tonk,Mustard,Rabi,Flowering,65,33.0,47.9,3.2,22.2,12.4,0,None,Low
AGR0097,Tonk,Mustard,Rabi,Flowering,72,9.1,67.7,22.6,60.4,23.4,0,None,Low
AGR0098,Alwar,Mustard,Rabi,Flowering,60,11.4,36.9,20.3,35.4,25.9,1,White Rust,Medium
AGR0099,Bikaner,Wheat,Rabi,Maturity,91,20.4,57.4,8.0,25.3,25.0,0,None,Low
AGR0100,Churu,Wheat,Rabi,Flowering,76,25.4,45.9,7.5,17.4,25.0,1,Powdery Mildew,Medium
AGR0101,Hanumangarh,Wheat,Rabi,Flowering,75,8.4,47.7,13.9,39.0,4.2,0,None,Low
AGR0102,Jaisalmer,Bajra,Kharif,Flowering,50,23.8,89.1,44.7,75.8,23.1,0,Downy Mildew,High
AGR0103,Bharatpur,Mustard,Rabi,Vegetative,33,32.3,60.4,20.3,51.5,10.8,0,None,Low
AGR0104,Alwar,Mustard,Rabi,Flowering,75,26.0,84.4,5.6,27.0,10.9,0,White Rust,Medium
AGR0105,Pali,Chickpea,Rabi,Maturity,93,21.0,37.6,2.0,18.1,23.2,0,None,Low
AGR0106,Bikaner,Wheat,Rabi,Flowering,77,34.4,52.3,2.2,10.4,1.8,0,None,Low
AGR0107,Bharatpur,Mustard,Rabi,Vegetative,41,32.1,55.5,8.0,24.0,13.3,1,None,Low
AGR0108,Baran,Soybean,Kharif,Seedling,2,28.4,73.5,43.0,73.8,16.6,0,None,Low
AGR0109,Churu,Wheat,Rabi,Vegetative,39,26.8,50.1,18.5,34.2,18.7,0,None,Low
AGR0110,Churu,Wheat,Rabi,Vegetative,25,11.2,61.5,6.4,25.3,22.5,0,None,Low
AGR0111,Churu,Wheat,Rabi,Flowering,71,19.5,84.7,2.3,27.3,21.8,0,Powdery Mildew,Medium
AGR0112,Sriganganagar,Wheat,Rabi,Flowering,55,26.2,72.2,7.7,34.9,13.8,0,Powdery Mildew,Medium
AGR0113,Pali,Chickpea,Rabi,Flowering,76,29.5,42.8,5.7,10.0,15.4,0,None,Low
AGR0114,Bundi,Soybean,Kharif,Seedling,6,32.5,63.5,14.9,34.1,7.8,0,None,Low
AGR0115,Jodhpur,Bajra,Kharif,Maturity,68,37.4,81.3,41.6,80.6,27.3,0,Ergot,Medium
AGR0116,Sikar,Chickpea,Rabi,Vegetative,45,20.8,33.7,1.2,14.4,8.3,1,Wilt,Medium
AGR0117,Jhalawar,Soybean,Kharif,Seedling,8,40.7,75.1,13.6,45.2,11.2,0,None,Low
AGR0118,Hanumangarh,Wheat,Rabi,Vegetative,48,24.2,65.9,3.8,28.1,27.4,0,None,Low
AGR0119,Pali,Chickpea,Rabi,Seedling,19,22.7,37.5,22.3,32.6,2.1,1,Wilt,Medium
AGR0120,Bharatpur,Mustard,Rabi,Flowering,49,32.5,84.8,17.5,49.7,21.6,1,White Rust,Medium
AGR0121,Kota,Soybean,Kharif,Seedling,11,28.7,95.2,26.5,60.9,20.5,1,Bacterial Pustule,Medium
AGR0122,Pali,Chickpea,Rabi,Seedling,6,33.0,83.6,20.8,61.4,8.5,0,Wilt,Medium
AGR0123,Tonk,Mustard,Rabi,Vegetative,34,34.1,64.5,23.3,51.3,18.9,1,None,Low
AGR0124,Churu,Wheat,Rabi,Vegetative,36,16.3,50.4,13.8,34.3,22.1,0,None,Low
AGR0125,Bikaner,Wheat,Rabi,Vegetative,30,16.6,61.9,8.6,32.2,22.8,0,None,Low
AGR0126,Tonk,Mustard,Rabi,Maturity,81,20.6,34.2,4.2,17.6,1.7,1,White Rust,Medium
AGR0127,Kota,Soybean,Kharif,Seedling,12,32.0,55.1,5.7,25.6,26.3,0,None,Low
AGR0128,Ajmer,Chickpea,Rabi,Maturity,91,31.6,54.9,24.6,44.7,0.0,1,None,Low
AGR0129,Churu,Wheat,Rabi,Seedling,10,24.6,63.9,11.4,35.5,11.1,1,None,Low
AGR0130,Bharatpur,Mustard,Rabi,Seedling,3,20.3,52.8,18.3,42.5,3.8,0,None,Low
AGR0131,Alwar,Mustard,Rabi,Vegetative,27,13.3,39.9,6.6,25.2,14.7,1,White Rust,Medium
AGR0132,Hanumangarh,Wheat,Rabi,Seedling,14,11.0,77.7,7.4,36.9,4.6,0,Powdery Mildew,Medium
AGR0133,Churu,Wheat,Rabi,Seedling,10,26.2,32.1,15.5,35.8,19.5,0,None,Low
AGR0134,Alwar,Mustard,Rabi,Maturity,90,13.8,32.3,9.1,26.2,2.8,1,White Rust,Medium
AGR0135,Pali,Chickpea,Rabi,Maturity,101,11.1,44.0,7.4,25.2,14.8,1,None,Low
AGR0136,Dausa,Mustard,Rabi,Seedling,11,26.3,62.6,3.7,17.5,4.8,1,None,Low
AGR0137,Dausa,Mustard,Rabi,Flowering,59,31.7,60.7,21.7,38.5,10.4,1,White Rust,Medium
AGR0138,Barmer,Bajra,Kharif,Flowering,61,34.3,75.1,16.0,40.5,13.2,1,Ergot,Medium
AGR0139,Tonk,Mustard,Rabi,Vegetative,23,21.6,41.0,7.9,22.0,22.2,1,White Rust,Medium
AGR0140,Rajsamand,Maize,Kharif,Flowering,50,40.3,67.3,15.3,45.5,5.5,0,None,Low
AGR0141,Udaipur,Maize,Kharif,Flowering,64,35.6,65.5,49.4,65.0,9.1,0,Common Rust,Medium
AGR0142,Sriganganagar,Wheat,Rabi,Vegetative,41,18.6,63.2,20.0,37.8,13.1,1,Powdery Mildew,Medium
AGR0143,Bharatpur,Mustard,Rabi,Flowering,70,19.4,84.8,0.3,24.8,25.1,0,White Rust,Medium
AGR0144,Tonk,Mustard,Rabi,Vegetative,21,12.0,73.2,15.4,35.5,9.6,0,White Rust,Medium
AGR0145,Hanumangarh,Wheat,Rabi,Vegetative,24,31.6,30.7,5.7,12.1,15.9,0,None,Low
AGR0146,Sriganganagar,Wheat,Rabi,Vegetative,45,17.5,63.6,0.6,17.3,3.3,1,Powdery Mildew,Medium
AGR0147,Nagaur,Bajra,Kharif,Maturity,88,24.5,59.1,23.0,40.6,21.1,1,Ergot,Medium
AGR0148,Dausa,Mustard,Rabi,Flowering,69,32.4,75.9,4.9,24.8,12.4,0,None,Low
AGR0149,Hanumangarh,Wheat,Rabi,Seedling,1,13.4,44.5,12.6,35.3,1.9,0,None,Low
AGR0150,Bikaner,Wheat,Rabi,Vegetative,31,13.9,81.4,11.7,41.5,12.5,1,Powdery Mildew,Medium
AGR0151,Sikar,Chickpea,Rabi,Seedling,16,8.4,43.6,21.7,42.9,4.6,0,None,Low
AGR0152,Sriganganagar,Wheat,Rabi,Flowering,56,19.2,30.8,12.0,23.5,0.6,0,Powdery Mildew,Medium
AGR0153,Sriganganagar,Wheat,Rabi,Vegetative,22,30.1,75.4,19.7,51.3,7.9,0,Powdery Mildew,Medium
AGR0154,Tonk,Mustard,Rabi,Flowering,66,30.6,59.9,9.3,33.4,17.5,0,None,Low
AGR0155,Udaipur,Maize,Kharif,Seedling,15,22.2,56.9,37.1,64.6,6.8,0,Common Rust,Medium
AGR0156,Hanumangarh,Wheat,Rabi,Vegetative,30,24.1,51.2,21.4,37.8,26.7,0,None,Low
AGR0157,Nagaur,Bajra,Kharif,Flowering,56,39.7,63.0,9.7,28.3,13.3,0,None,Low
AGR0158,Jhalawar,Soybean,Kharif,Flowering,57,22.1,51.2,27.7,53.9,14.6,1,Bacterial Pustule,Medium
AGR0159,Churu,Wheat,Rabi,Flowering,74,34.9,41.1,6.5,17.5,3.2,0,None,Low
AGR0160,Barmer,Bajra,Kharif,Flowering,46,40.4,87.3,41.1,69.1,25.3,0,Ergot,Medium
AGR0161,Alwar,Mustard,Rabi,Maturity,85,22.2,54.8,8.3,23.7,16.5,0,None,Low
AGR0162,Nagaur,Bajra,Kharif,Maturity,84,31.1,71.7,46.8,85.5,27.6,0,Ergot,Medium
AGR0163,Nagaur,Bajra,Kharif,Flowering,47,37.9,86.3,34.0,64.0,4.7,0,Ergot,Medium
AGR0164,Bharatpur,Mustard,Rabi,Maturity,101,9.6,68.0,18.2,43.9,1.3,0,None,Low
AGR0165,Hanumangarh,Wheat,Rabi,Vegetative,34,33.1,35.0,7.1,15.9,18.8,0,None,Low
AGR0166,Bundi,Soybean,Kharif,Flowering,65,25.4,52.7,16.6,39.5,21.4,0,Bacterial Pustule,Medium
AGR0167,Tonk,Mustard,Rabi,Vegetative,41,19.2,65.9,14.5,39.9,0.6,1,White Rust,Medium
AGR0168,Hanumangarh,Wheat,Rabi,Flowering,70,34.7,32.3,24.2,31.3,15.4,0,None,Low
AGR0169,Churu,Wheat,Rabi,Maturity,107,34.0,36.3,12.3,27.0,4.7,0,None,Low
AGR0170,Jodhpur,Bajra,Kharif,Maturity,73,23.0,79.6,10.4,27.9,16.5,1,Ergot,Medium
AGR0171,Barmer,Bajra,Kharif,Maturity,82,24.2,65.9,39.1,63.9,12.2,0,Ergot,Medium
AGR0172,Sriganganagar,Wheat,Rabi,Seedling,2,24.9,65.6,21.1,44.9,9.1,1,Powdery Mildew,Medium
AGR0173,Bharatpur,Mustard,Rabi,Maturity,108,26.6,82.9,18.3,56.1,13.7,1,White Rust,Medium
AGR0174,Sriganganagar,Wheat,Rabi,Vegetative,23,25.0,70.7,15.3,41.2,0.5,0,Powdery Mildew,Medium
AGR0175,Jodhpur,Bajra,Kharif,Seedling,3,25.9,88.9,13.6,39.2,20.5,1,Ergot,Medium
AGR0176,Hanumangarh,Wheat,Rabi,Flowering,77,18.0,58.7,1.7,18.1,5.1,1,Powdery Mildew,Medium
AGR0177,Jodhpur,Bajra,Kharif,Vegetative,34,41.1,92.7,32.6,71.6,12.9,1,Ergot,Medium
AGR0178,Bharatpur,Mustard,Rabi,Vegetative,31,26.2,64.0,14.2,32.5,1.7,1,White Rust,Medium
AGR0179,Sikar,Chickpea,Rabi,Vegetative,30,25.1,72.3,24.9,57.1,0.3,0,Wilt,Medium
AGR0180,Hanumangarh,Wheat,Rabi,Seedling,8,27.7,61.4,10.9,28.9,3.6,1,Powdery Mildew,Medium
AGR0181,Alwar,Mustard,Rabi,Flowering,66,19.0,49.5,7.6,19.4,20.5,0,None,Low
AGR0182,Bikaner,Wheat,Rabi,Vegetative,29,26.9,62.4,23.5,44.5,9.8,0,None,Low
AGR0183,Pali,Chickpea,Rabi,Vegetative,36,14.6,66.1,5.0,17.7,8.8,0,None,Low
AGR0184,Pali,Chickpea,Rabi,Maturity,98,14.1,33.8,20.7,24.1,7.1,0,None,Low
AGR0185,Bikaner,Wheat,Rabi,Vegetative,40,20.8,32.4,17.5,30.3,9.3,0,None,Low
AGR0186,Barmer,Bajra,Kharif,Flowering,42,36.9,69.8,9.8,32.4,14.4,1,None,Low
AGR0187,Baran,Soybean,Kharif,Vegetative,23,24.6,71.1,15.9,41.7,25.5,1,Bacterial Pustule,Medium
AGR0188,Barmer,Bajra,Kharif,Vegetative,33,23.2,83.3,9.1,35.5,8.9,0,Ergot,Medium
AGR0189,Alwar,Mustard,Rabi,Vegetative,26,19.2,79.9,6.1,42.9,2.6,1,White Rust,Medium
AGR0190,Bikaner,Wheat,Rabi,Seedling,0,16.6,35.8,3.2,15.4,16.1,1,None,Low
AGR0191,Hanumangarh,Wheat,Rabi,Seedling,7,9.6,31.7,17.9,24.1,10.1,0,None,Low
AGR0192,Pali,Chickpea,Rabi,Maturity,108,11.4,43.9,16.1,26.9,7.7,0,None,Low
AGR0193,Nagaur,Chickpea,Rabi,Maturity,85,21.4,36.7,14.7,28.7,8.9,1,Wilt,Medium
AGR0194,Nagaur,Bajra,Kharif,Vegetative,21,34.5,88.8,30.6,61.2,8.3,0,Ergot,Medium
AGR0195,Bharatpur,Mustard,Rabi,Maturity,94,14.9,48.0,4.1,13.2,5.1,1,None,Low
AGR0196,Tonk,Mustard,Rabi,Maturity,87,29.3,51.2,10.9,28.1,16.6,1,None,Low
AGR0197,Jaisalmer,Bajra,Kharif,Flowering,63,33.8,53.2,41.6,65.7,5.0,0,Ergot,Medium
AGR0198,Ajmer,Chickpea,Rabi,Maturity,93,27.5,72.5,17.9,51.2,16.2,0,None,Low
AGR0199,Nagaur,Chickpea,Rabi,Maturity,101,8.4,49.8,15.1,28.5,10.8,0,None,Low
AGR0200,Jhalawar,Soybean,Kharif,Flowering,52,39.3,64.8,14.7,35.0,7.4,0,None,Low
AGR0201,Barmer,Bajra,Kharif,Vegetative,21,28.7,76.8,35.4,73.5,18.6,0,Ergot,Medium
AGR0202,Sriganganagar,Wheat,Rabi,Maturity,107,29.8,78.7,20.4,49.7,0.5,1,Powdery Mildew,Medium
AGR0203,Hanumangarh,Wheat,Rabi,Flowering,53,27.9,41.5,3.3,11.8,17.9,0,None,Low
AGR0204,Ajmer,Chickpea,Rabi,Flowering,75,16.6,33.1,3.4,10.4,0.0,1,Wilt,Medium
AGR0205,Jaisalmer,Bajra,Kharif,Maturity,70,40.1,51.2,10.5,21.9,11.7,0,None,Low
AGR0206,Bikaner,Wheat,Rabi,Maturity,108,17.6,80.1,1.0,25.6,14.3,1,Powdery Mildew,Medium
AGR0207,Churu,Wheat,Rabi,Maturity,118,26.4,81.2,15.5,48.1,22.5,1,Powdery Mildew,Medium
AGR0208,Jodhpur,Bajra,Kharif,Flowering,59,23.7,68.5,18.7,51.1,24.8,1,Ergot,Medium
AGR0209,Hanumangarh,Wheat,Rabi,Flowering,75,12.1,38.4,8.2,13.9,1.5,1,Powdery Mildew,Medium
AGR0210,Churu,Wheat,Rabi,Flowering,65,12.9,83.1,10.7,42.1,17.7,0,Powdery Mildew,Medium
AGR0211,Tonk,Mustard,Rabi,Flowering,54,27.6,50.2,3.7,20.3,5.8,1,White Rust,Medium
AGR0212,Nagaur,Bajra,Kharif,Vegetative,17,28.3,80.5,19.9,46.7,0.2,1,Ergot,Medium
AGR0213,Barmer,Bajra,Kharif,Maturity,77,32.5,94.2,40.6,74.9,23.1,0,Ergot,Medium
AGR0214,Churu,Wheat,Rabi,Vegetative,46,29.5,47.8,19.1,27.7,4.0,1,Powdery Mildew,Medium
AGR0215,Barmer,Bajra,Kharif,Vegetative,39,35.2,80.8,1.3,29.0,22.1,1,None,Low
AGR0216,Churu,Wheat,Rabi,Seedling,0,32.4,44.7,20.3,31.2,2.3,0,None,Low
AGR0217,Alwar,Mustard,Rabi,Vegetative,40,24.2,56.7,13.6,29.6,25.9,0,None,Low
AGR0218,Jaisalmer,Bajra,Kharif,Maturity,84,39.4,87.7,13.7,44.8,25.5,1,Ergot,Medium
AGR0219,Jaisalmer,Bajra,Kharif,Flowering,51,24.0,91.0,16.4,37.9,1.5,1,Downy Mildew,High
AGR0220,Jhalawar,Soybean,Kharif,Flowering,66,35.4,61.1,12.2,26.4,8.6,0,None,Low
AGR0221,Jaisalmer,Bajra,Kharif,Flowering,57,23.3,58.5,0.3,24.0,12.5,0,None,Low
AGR0222,Jaisalmer,Bajra,Kharif,Maturity,76,23.7,82.8,11.8,39.6,26.4,0,Ergot,Medium
AGR0223,Churu,Wheat,Rabi,Maturity,107,31.5,45.9,19.6,34.0,22.5,1,None,Low
AGR0224,Tonk,Mustard,Rabi,Flowering,65,34.6,62.9,2.0,21.9,18.1,1,None,Low
AGR0225,Churu,Wheat,Rabi,Flowering,52,24.9,65.1,7.7,32.1,24.1,0,Powdery Mildew,Medium
AGR0226,Hanumangarh,Wheat,Rabi,Vegetative,28,33.9,42.0,2.2,20.9,5.4,0,None,Low
AGR0227,Dungarpur,Maize,Kharif,Seedling,14,38.4,82.5,31.8,57.3,11.3,0,None,Low
AGR0228,Alwar,Mustard,Rabi,Vegetative,29,23.6,46.9,11.9,23.2,22.2,1,White Rust,Medium
AGR0229,Pali,Chickpea,Rabi,Flowering,51,34.5,81.3,23.3,55.4,11.3,0,Wilt,Medium
AGR0230,Jaisalmer,Bajra,Kharif,Maturity,88,31.4,83.9,46.1,83.7,4.0,0,Ergot,Medium
AGR0231,Jhalawar,Soybean,Kharif,Seedling,2,28.1,56.7,30.6,47.0,8.6,0,None,Low
AGR0232,Dausa,Mustard,Rabi,Flowering,70,16.8,33.9,8.7,15.7,24.1,0,None,Low
AGR0233,Jodhpur,Bajra,Kharif,Vegetative,30,26.7,83.4,31.5,61.9,24.2,0,Ergot,Medium
AGR0234,Tonk,Mustard,Rabi,Vegetative,23,11.6,83.8,14.6,42.8,27.9,0,White Rust,Medium
AGR0235,Hanumangarh,Wheat,Rabi,Flowering,71,32.6,42.2,1.4,14.6,7.2,1,None,Low
AGR0236,Barmer,Bajra,Kharif,Flowering,54,32.6,58.2,8.4,20.7,13.0,0,None,Low
AGR0237,Bikaner,Wheat,Rabi,Maturity,97,8.9,36.7,10.4,23.7,1.8,0,None,Low
AGR0238,Hanumangarh,Wheat,Rabi,Flowering,53,18.7,56.1,11.3,26.8,24.3,1,Powdery Mildew,Medium
AGR0239,Barmer,Bajra,Kharif,Seedling,14,32.6,72.5,20.5,40.5,22.9,0,None,Low
AGR0240,Churu,Wheat,Rabi,Vegetative,21,32.2,76.9,16.8,43.2,3.8,0,Powdery Mildew,Medium
AGR0241,Nagaur,Chickpea,Rabi,Maturity,107,15.5,32.5,23.3,37.1,18.5,0,None,Low
AGR0242,Banswara,Maize,Kharif,Flowering,47,36.9,65.0,42.3,74.3,7.3,1,Common Rust,Medium
AGR0243,Ajmer,Chickpea,Rabi,Vegetative,26,8.0,50.7,14.3,28.1,13.4,0,None,Low
AGR0244,Bharatpur,Mustard,Rabi,Vegetative,41,31.3,35.8,13.8,28.5,14.4,1,None,Low
AGR0245,Sriganganagar,Wheat,Rabi,Flowering,53,15.6,75.2,18.8,37.3,20.5,0,Powdery Mildew,Medium
AGR0246,Nagaur,Chickpea,Rabi,Vegetative,34,31.7,69.8,5.8,26.5,19.8,0,None,Low
AGR0247,Alwar,Mustard,Rabi,Flowering,62,16.3,43.3,1.8,17.5,20.8,1,White Rust,Medium
AGR0248,Rajsamand,Maize,Kharif,Seedling,13,36.2,61.3,37.5,66.1,25.7,1,None,Low
AGR0249,Rajsamand,Maize,Kharif,Maturity,93,24.2,61.2,37.5,66.1,7.7,0,Common Rust,Medium
AGR0250,Pali,Chickpea,Rabi,Seedling,18,24.9,34.5,11.3,27.9,20.7,1,None,Low
AGR0251,Churu,Wheat,Rabi,Maturity,83,26.5,74.8,21.9,46.5,21.6,0,Powdery Mildew,Medium
AGR0252,Bharatpur,Mustard,Rabi,Flowering,54,26.1,31.7,13.4,28.1,1.1,0,White Rust,Medium
AGR0253,Sikar,Chickpea,Rabi,Maturity,93,29.8,47.6,14.1,40.5,7.8,0,None,Low
AGR0254,Bharatpur,Mustard,Rabi,Maturity,84,29.1,78.8,10.0,33.3,24.2,0,White Rust,Medium
AGR0255,Bikaner,Wheat,Rabi,Vegetative,43,15.2,59.4,21.5,50.5,9.1,0,None,Low
AGR0256,Jodhpur,Bajra,Kharif,Flowering,59,41.1,55.9,0.9,22.2,25.3,0,None,Low
AGR0257,Nagaur,Chickpea,Rabi,Maturity,94,9.9,84.6,23.8,52.6,3.8,0,None,Low
AGR0258,Nagaur,Bajra,Kharif,Vegetative,36,32.8,58.9,21.4,42.4,1.7,0,None,Low
AGR0259,Jaisalmer,Bajra,Kharif,Flowering,48,26.5,67.4,21.9,47.1,27.4,1,Ergot,Medium
AGR0260,Churu,Wheat,Rabi,Vegetative,29,29.8,70.6,13.4,41.4,23.5,1,None,Low
AGR0261,Barmer,Bajra,Kharif,Seedling,7,28.8,84.0,49.7,86.9,8.8,1,Ergot,Medium
AGR0262,Dungarpur,Maize,Kharif,Vegetative,34,35.5,90.5,45.8,79.7,20.1,0,Common Rust,Medium
AGR0263,Hanumangarh,Wheat,Rabi,Flowering,53,15.7,47.9,0.5,10.0,21.3,0,None,Low
AGR0264,Dausa,Mustard,Rabi,Vegetative,34,9.2,77.6,3.0,30.2,4.8,1,White Rust,Medium
AGR0265,Pali,Chickpea,Rabi,Flowering,54,20.9,70.6,3.5,15.7,12.3,1,Wilt,Medium
AGR0266,Jodhpur,Bajra,Kharif,Seedling,11,31.7,60.2,5.8,18.2,23.4,0,None,Low
AGR0267,Nagaur,Bajra,Kharif,Maturity,74,32.0,50.7,40.1,61.3,27.5,1,Ergot,Medium
AGR0268,Nagaur,Bajra,Kharif,Vegetative,37,34.1,74.2,43.9,68.9,26.7,1,Ergot,Medium
AGR0269,Bharatpur,Mustard,Rabi,Maturity,91,28.4,54.5,14.8,35.7,19.6,1,None,Low
AGR0270,Bikaner,Wheat,Rabi,Vegetative,37,13.2,54.6,20.7,39.7,18.3,0,None,Low
AGR0271,Jhalawar,Soybean,Kharif,Vegetative,32,30.2,81.8,5.9,35.5,11.2,0,None,Low
AGR0272,Bundi,Soybean,Kharif,Flowering,64,37.9,60.6,9.3,21.3,26.6,0,None,Low
AGR0273,Pali,Chickpea,Rabi,Maturity,101,13.7,44.4,24.2,39.1,20.6,0,None,Low
AGR0274,Nagaur,Chickpea,Rabi,Seedling,19,26.9,76.9,2.9,26.6,19.8,0,None,Low
AGR0275,Dausa,Mustard,Rabi,Vegetative,32,21.6,75.6,12.7,38.1,17.4,0,White Rust,Medium
AGR0276,Bharatpur,Mustard,Rabi,Seedling,8,20.9,56.3,19.2,43.4,17.6,1,White Rust,Medium
AGR0277,Kota,Soybean,Kharif,Maturity,84,34.7,71.6,26.6,48.8,20.9,0,None,Low
AGR0278,Barmer,Bajra,Kharif,Maturity,67,38.5,83.4,46.2,78.1,23.0,0,Ergot,Medium
AGR0279,Jaisalmer,Bajra,Kharif,Maturity,66,33.2,82.2,46.3,82.8,17.3,0,Ergot,Medium
AGR0280,Jhalawar,Soybean,Kharif,Seedling,14,38.5,83.1,27.6,47.1,6.8,1,None,Low
AGR0281,Ajmer,Chickpea,Rabi,Seedling,11,19.5,83.2,16.4,46.6,15.8,1,Wilt,Medium
AGR0282,Dausa,Mustard,Rabi,Flowering,60,33.2,62.3,13.2,38.3,21.3,0,None,Low
AGR0283,Tonk,Mustard,Rabi,Flowering,71,27.2,40.6,11.8,19.7,13.2,1,White Rust,Medium
AGR0284,Sriganganagar,Wheat,Rabi,Vegetative,42,18.2,58.5,10.3,28.3,5.6,0,None,Low
AGR0285,Barmer,Bajra,Kharif,Flowering,59,30.2,53.5,28.8,58.1,23.9,0,None,Low
AGR0286,Sriganganagar,Wheat,Rabi,Vegetative,45,27.6,49.8,2.2,20.9,5.7,1,Powdery Mildew,Medium
AGR0287,Dausa,Mustard,Rabi,Flowering,49,22.7,41.4,13.6,31.0,6.5,0,None,Low
AGR0288,Alwar,Mustard,Rabi,Flowering,73,30.9,51.8,6.1,27.8,22.7,0,None,Low
AGR0289,Sriganganagar,Wheat,Rabi,Seedling,11,17.3,36.1,14.3,37.0,16.3,0,None,Low
AGR0290,Nagaur,Bajra,Kharif,Flowering,62,36.3,61.5,22.2,45.2,7.9,0,None,Low
AGR0291,Churu,Wheat,Rabi,Vegetative,44,10.2,78.2,18.2,43.3,8.4,0,Powdery Mildew,Medium
AGR0292,Sriganganagar,Wheat,Rabi,Flowering,73,24.2,41.1,22.3,44.0,3.2,1,Powdery Mildew,Medium
AGR0293,Bundi,Soybean,Kharif,Maturity,88,22.1,74.1,29.2,56.3,16.2,0,Bacterial Pustule,Medium
AGR0294,Tonk,Mustard,Rabi,Flowering,51,9.5,47.3,12.5,24.5,6.1,1,None,Low
AGR0295,Churu,Wheat,Rabi,Maturity,98,31.6,34.8,12.2,22.4,19.4,0,None,Low
AGR0296,Alwar,Mustard,Rabi,Vegetative,32,15.1,64.3,20.7,45.7,5.3,0,None,Low
AGR0297,Bundi,Soybean,Kharif,Flowering,77,40.3,76.6,15.0,38.7,12.1,0,None,Low
AGR0298,Churu,Wheat,Rabi,Seedling,9,16.4,69.9,19.9,43.0,23.3,0,None,Low
AGR0299,Nagaur,Bajra,Kharif,Maturity,78,41.7,88.0,30.1,57.4,9.5,0,Ergot,Medium
AGR0300,Hanumangarh,Wheat,Rabi,Flowering,58,22.7,32.3,18.6,39.2,12.5,0,Powdery Mildew,Medium
AGR0301,Sriganganagar,Wheat,Rabi,Flowering,66,8.5,33.4,9.7,19.9,16.3,0,None,Low
AGR0302,Dausa,Mustard,Rabi,Vegetative,44,20.5,64.1,12.0,30.1,18.5,1,White Rust,Medium
AGR0303,Tonk,Mustard,Rabi,Flowering,74,13.9,36.2,14.9,25.7,13.6,0,None,Low
AGR0304,Jodhpur,Bajra,Kharif,Seedling,13,22.5,68.3,5.3,30.9,14.9,1,Ergot,Medium
AGR0305,Nagaur,Bajra,Kharif,Seedling,7,29.9,79.4,40.3,75.0,8.4,1,Ergot,Medium
AGR0306,Dungarpur,Maize,Kharif,Seedling,0,41.2,75.7,30.9,57.3,19.1,0,None,Low
AGR0307,Bharatpur,Mustard,Rabi,Vegetative,41,26.0,58.1,10.7,30.4,1.5,0,None,Low
AGR0308,Alwar,Mustard,Rabi,Vegetative,30,8.6,49.7,8.3,26.3,10.9,0,None,Low
AGR0309,Bundi,Soybean,Kharif,Vegetative,50,24.8,85.4,42.8,73.5,26.3,1,Rust,High
AGR0310,Churu,Wheat,Rabi,Vegetative,44,21.3,68.5,21.4,38.5,11.7,0,Powdery Mildew,Medium
AGR0311,Alwar,Mustard,Rabi,Seedling,8,16.4,81.5,12.9,42.5,13.9,0,White Rust,Medium
AGR0312,Bikaner,Wheat,Rabi,Maturity,101,12.8,35.9,21.1,32.8,17.2,0,None,Low
AGR0313,Hanumangarh,Wheat,Rabi,Vegetative,27,16.8,40.5,13.9,31.0,16.3,0,None,Low
AGR0314,Banswara,Maize,Kharif,Flowering,52,26.1,90.9,4.2,33.9,10.0,0,Common Rust,Medium
AGR0315,Baran,Soybean,Kharif,Flowering,61,35.6,63.2,41.4,68.9,20.7,1,Bacterial Pustule,Medium
AGR0316,Jaisalmer,Bajra,Kharif,Seedling,10,37.8,55.7,7.0,23.0,8.0,0,None,Low
AGR0317,Alwar,Mustard,Rabi,Seedling,13,22.0,71.1,20.9,43.2,19.7,1,White Rust,Medium
AGR0318,Bikaner,Wheat,Rabi,Vegetative,28,33.1,70.6,7.7,24.7,7.4,1,None,Low
AGR0319,Bikaner,Wheat,Rabi,Vegetative,32,26.8,40.6,2.3,11.9,14.9,0,None,Low
AGR0320,Hanumangarh,Wheat,Rabi,Maturity,92,30.2,35.6,19.8,37.3,22.7,0,None,Low
AGR0321,Alwar,Mustard,Rabi,Flowering,46,21.0,33.2,4.4,22.2,19.8,0,None,Low
AGR0322,Jodhpur,Bajra,Kharif,Maturity,72,36.2,93.1,29.1,69.1,3.5,0,Ergot,Medium
AGR0323,Nagaur,Bajra,Kharif,Maturity,70,24.4,84.6,9.2,37.1,9.2,0,Ergot,Medium
AGR0324,Bikaner,Wheat,Rabi,Seedling,13,21.2,31.4,6.2,23.8,11.4,1,None,Low
AGR0325,Udaipur,Maize,Kharif,Seedling,12,27.6,56.5,36.4,59.1,22.8,0,Common Rust,Medium
AGR0326,Barmer,Bajra,Kharif,Maturity,82,27.1,87.2,19.3,42.9,14.2,0,Ergot,Medium
AGR0327,Nagaur,Bajra,Kharif,Flowering,58,39.1,86.0,40.3,83.8,3.8,0,Ergot,Medium
AGR0328,Jodhpur,Bajra,Kharif,Vegetative,19,23.4,92.9,19.4,53.8,8.1,0,Ergot,Medium
AGR0329,Dausa,Mustard,Rabi,Vegetative,24,27.6,76.0,21.6,41.0,8.8,1,White Rust,Medium
AGR0330,Sriganganagar,Wheat,Rabi,Vegetative,39,31.0,32.3,1.2,18.9,17.5,0,None,Low
AGR0331,Dausa,Mustard,Rabi,Flowering,53,9.7,47.9,16.8,30.8,9.4,0,None,Low
AGR0332,Baran,Soybean,Kharif,Flowering,51,25.6,63.5,22.9,43.9,13.3,0,Bacterial Pustule,Medium
AGR0333,Churu,Wheat,Rabi,Vegetative,39,29.1,71.3,11.4,40.2,23.7,1,None,Low
AGR0334,Churu,Wheat,Rabi,Vegetative,27,11.1,44.0,20.7,44.8,10.6,0,None,Low
AGR0335,Churu,Wheat,Rabi,Vegetative,49,34.5,55.6,19.8,35.4,11.3,1,Powdery Mildew,Medium
AGR0336,Hanumangarh,Wheat,Rabi,Flowering,52,19.5,51.1,18.0,44.3,15.3,0,Powdery Mildew,Medium
AGR0337,Nagaur,Chickpea,Rabi,Maturity,93,33.5,43.8,2.5,20.5,11.0,0,None,Low
AGR0338,Barmer,Bajra,Kharif,Seedling,1,34.3,91.3,17.3,44.2,18.3,0,Ergot,Medium
AGR0339,Tonk,Mustard,Rabi,Seedling,8,17.5,63.9,22.1,44.5,6.5,0,None,Low
AGR0340,Hanumangarh,Wheat,Rabi,Flowering,78,18.9,84.6,21.7,59.0,15.8,0,Powdery Mildew,Medium
AGR0341,Alwar,Mustard,Rabi,Vegetative,26,21.9,45.7,12.9,21.4,23.7,0,None,Low
AGR0342,Alwar,Mustard,Rabi,Seedling,1,26.5,46.0,5.0,26.7,7.4,0,None,Low
AGR0343,Bikaner,Wheat,Rabi,Flowering,53,12.6,35.3,10.5,27.4,3.2,0,Powdery Mildew,Medium
AGR0344,Bharatpur,Mustard,Rabi,Flowering,53,12.6,60.1,4.1,25.5,1.8,0,None,Low
AGR0345,Bharatpur,Mustard,Rabi,Maturity,87,16.6,42.1,12.9,28.8,2.9,0,None,Low
AGR0346,Barmer,Bajra,Kharif,Vegetative,16,37.0,93.5,37.2,82.5,14.9,1,Ergot,Medium
AGR0347,Jodhpur,Bajra,Kharif,Seedling,14,39.2,83.4,0.5,36.2,11.0,0,None,Low
AGR0348,Sriganganagar,Wheat,Rabi,Seedling,20,31.0,49.0,0.9,12.7,20.9,0,None,Low
AGR0349,Alwar,Mustard,Rabi,Maturity,106,29.7,38.8,13.4,30.8,5.4,0,None,Low
AGR0350,Barmer,Bajra,Kharif,Flowering,64,36.4,63.0,15.8,47.2,23.7,1,None,Low
AGR0351,Tonk,Mustard,Rabi,Flowering,73,20.9,66.8,10.1,28.2,8.3,1,White Rust,Medium
AGR0352,Ajmer,Chickpea,Rabi,Vegetative,31,24.9,38.5,9.3,23.9,5.9,0,None,Low
AGR0353,Jaisalmer,Bajra,Kharif,Vegetative,18,35.9,95.3,49.8,93.4,12.6,0,Ergot,Medium
AGR0354,Hanumangarh,Wheat,Rabi,Seedling,8,14.8,54.4,21.2,31.7,5.8,1,Powdery Mildew,Medium
AGR0355,Churu,Wheat,Rabi,Vegetative,46,33.7,48.8,24.6,48.3,23.5,1,Powdery Mildew,Medium
AGR0356,Jaisalmer,Bajra,Kharif,Flowering,52,38.2,65.3,0.4,14.6,10.7,1,None,Low
AGR0357,Sriganganagar,Wheat,Rabi,Flowering,53,16.1,32.1,12.6,25.7,11.3,1,Powdery Mildew,Medium
AGR0358,Nagaur,Bajra,Kharif,Flowering,52,34.7,79.8,6.0,36.9,27.4,1,Ergot,Medium
AGR0359,Pali,Chickpea,Rabi,Maturity,103,13.0,54.5,12.2,19.0,22.8,1,None,Low
AGR0360,Jaisalmer,Bajra,Kharif,Vegetative,31,24.0,70.6,31.4,62.8,6.0,0,Ergot,Medium
AGR0361,Alwar,Mustard,Rabi,Seedling,3,24.9,80.8,24.9,64.3,0.9,0,White Rust,Medium
AGR0362,Jodhpur,Bajra,Kharif,Vegetative,39,26.7,64.9,20.0,40.8,6.8,0,None,Low
AGR0363,Dausa,Mustard,Rabi,Vegetative,44,13.5,82.5,23.0,55.2,1.3,1,Alternaria Blight,High
AGR0364,Bharatpur,Mustard,Rabi,Vegetative,27,17.1,52.3,6.0,29.6,17.6,1,White Rust,Medium
AGR0365,Ajmer,Chickpea,Rabi,Seedling,0,25.3,76.8,18.5,37.3,15.2,0,Wilt,Medium
AGR0366,Tonk,Mustard,Rabi,Vegetative,40,25.6,45.1,14.8,35.1,13.7,0,None,Low
AGR0367,Dungarpur,Maize,Kharif,Vegetative,30,24.7,61.6,14.6,41.1,25.9,0,None,Low
AGR0368,Nagaur,Chickpea,Rabi,Flowering,78,14.2,45.9,9.2,28.0,18.6,0,None,Low
AGR0369,Sriganganagar,Wheat,Rabi,Seedling,14,11.2,82.5,21.6,51.1,16.2,0,Powdery Mildew,Medium
AGR0370,Sriganganagar,Wheat,Rabi,Seedling,10,26.2,30.9,8.5,14.5,22.3,0,None,Low
AGR0371,Bikaner,Wheat,Rabi,Vegetative,26,10.1,45.5,14.6,38.1,7.2,1,Powdery Mildew,Medium
AGR0372,Sriganganagar,Wheat,Rabi,Maturity,88,33.2,37.2,19.9,35.2,14.2,0,None,Low
AGR0373,Churu,Wheat,Rabi,Vegetative,40,28.3,47.1,12.9,25.1,24.0,0,None,Low
AGR0374,Nagaur,Bajra,Kharif,Flowering,46,31.3,67.3,26.8,50.8,20.1,0,None,Low
AGR0375,Churu,Wheat,Rabi,Flowering,54,20.0,81.6,7.4,35.2,13.3,0,Powdery Mildew,Medium
AGR0376,Tonk,Mustard,Rabi,Vegetative,38,28.4,67.9,21.6,38.5,27.9,1,White Rust,Medium
AGR0377,Kota,Soybean,Kharif,Flowering,74,30.5,55.3,1.5,18.5,20.4,0,None,Low
AGR0378,Bikaner,Wheat,Rabi,Maturity,83,31.6,42.1,4.0,15.3,1.7,0,None,Low
AGR0379,Jhalawar,Soybean,Kharif,Maturity,84,38.5,64.9,20.1,50.3,14.1,0,None,Low
AGR0380,Bikaner,Wheat,Rabi,Seedling,13,30.7,65.8,15.4,28.8,4.9,0,None,Low
AGR0381,Bikaner,Wheat,Rabi,Seedling,9,21.9,69.3,24.3,54.6,5.6,0,None,Low
AGR0382,Barmer,Bajra,Kharif,Vegetative,21,22.2,53.6,18.8,45.7,23.0,0,None,Low
AGR0383,Jaisalmer,Bajra,Kharif,Flowering,55,22.1,71.9,16.5,32.2,1.5,0,Ergot,Medium
AGR0384,Pali,Chickpea,Rabi,Flowering,60,20.2,44.0,8.8,15.2,19.8,0,None,Low
AGR0385,Barmer,Bajra,Kharif,Maturity,70,32.4,56.0,48.1,83.4,17.8,0,Ergot,Medium
AGR0386,Bundi,Soybean,Kharif,Maturity,85,37.3,53.8,2.4,14.5,0.5,0,None,Low
AGR0387,Hanumangarh,Wheat,Rabi,Flowering,56,13.1,52.8,23.4,59.4,12.8,0,Powdery Mildew,Medium
AGR0388,Sriganganagar,Wheat,Rabi,Flowering,78,15.8,60.9,2.8,12.6,17.1,1,Powdery Mildew,Medium
AGR0389,Baran,Soybean,Kharif,Flowering,79,33.4,88.0,49.3,86.4,7.0,1,Rust,High
AGR0390,Bundi,Soybean,Kharif,Vegetative,35,32.2,93.6,39.3,75.1,13.6,0,Bacterial Pustule,Medium
AGR0391,Dungarpur,Maize,Kharif,Vegetative,37,40.9,52.7,46.5,70.6,1.4,0,None,Low
AGR0392,Bharatpur,Mustard,Rabi,Vegetative,36,22.8,79.0,6.6,33.9,13.2,0,White Rust,Medium
AGR0393,Bharatpur,Mustard,Rabi,Flowering,50,16.8,82.4,20.6,52.0,19.9,0,White Rust,Medium
AGR0394,Kota,Soybean,Kharif,Vegetative,37,33.8,89.4,19.6,49.5,12.5,0,Bacterial Pustule,Medium
AGR0395,Tonk,Mustard,Rabi,Flowering,58,27.7,49.7,1.6,11.8,2.1,1,White Rust,Medium
AGR0396,Sikar,Chickpea,Rabi,Flowering,77,11.1,77.8,11.8,42.7,20.0,1,Wilt,Medium
AGR0397,Nagaur,Chickpea,Rabi,Maturity,83,18.6,44.2,8.7,26.8,22.2,0,None,Low
AGR0398,Tonk,Mustard,Rabi,Vegetative,33,24.9,81.6,17.0,45.5,16.0,0,White Rust,Medium
AGR0399,Kota,Soybean,Kharif,Vegetative,37,34.2,95.2,39.4,78.8,0.7,1,Rust,High
AGR0400,Kota,Soybean,Kharif,Flowering,62,32.7,83.0,37.4,73.6,6.0,0,Bacterial Pustule,Medium
AGR0401,Churu,Wheat,Rabi,Vegetative,31,31.4,82.6,5.9,28.1,24.7,0,None,Low
AGR0402,Pali,Chickpea,Rabi,Flowering,69,10.6,33.1,3.2,16.6,1.6,1,Wilt,Medium
AGR0403,Tonk,Mustard,Rabi,Vegetative,44,30.8,33.2,6.8,15.4,2.9,1,None,Low
AGR0404,Bundi,Soybean,Kharif,Maturity,93,27.9,54.3,33.4,60.4,3.7,1,Bacterial Pustule,Medium
AGR0405,Bharatpur,Mustard,Rabi,Flowering,56,31.0,74.9,0.3,21.9,25.1,0,None,Low
AGR0406,Nagaur,Chickpea,Rabi,Vegetative,49,8.8,43.2,0.8,17.0,9.4,0,None,Low
AGR0407,Bharatpur,Mustard,Rabi,Maturity,93,21.9,73.8,8.4,30.1,19.8,0,None,Low
AGR0408,Bikaner,Wheat,Rabi,Flowering,75,13.1,71.3,5.9,31.8,4.0,0,Powdery Mildew,Medium
AGR0409,Ajmer,Chickpea,Rabi,Flowering,69,13.0,40.0,12.8,22.5,23.7,0,None,Low
AGR0410,Churu,Wheat,Rabi,Vegetative,41,10.1,68.9,16.4,40.5,24.4,1,Powdery Mildew,Medium
AGR0411,Bharatpur,Mustard,Rabi,Seedling,4,14.6,54.8,23.1,49.1,18.5,1,White Rust,Medium
AGR0412,Udaipur,Maize,Kharif,Flowering,49,29.8,56.3,13.1,34.9,16.3,0,None,Low
AGR0413,Udaipur,Maize,Kharif,Maturity,97,36.4,56.0,30.0,53.8,15.4,0,None,Low
AGR0414,Nagaur,Bajra,Kharif,Maturity,76,32.3,83.1,41.9,84.2,9.0,0,Ergot,Medium
AGR0415,Nagaur,Bajra,Kharif,Vegetative,30,39.8,57.7,8.7,32.9,7.5,1,None,Low
AGR0416,Tonk,Mustard,Rabi,Maturity,96,11.2,42.7,2.7,20.3,23.0,0,None,Low
AGR0417,Churu,Wheat,Rabi,Flowering,57,11.8,71.1,1.2,26.1,26.6,1,Powdery Mildew,Medium
AGR0418,Dausa,Mustard,Rabi,Seedling,16,27.2,30.4,19.1,36.0,14.4,0,None,Low
AGR0419,Jaisalmer,Bajra,Kharif,Flowering,49,37.6,75.1,32.1,69.3,22.0,0,Ergot,Medium
AGR0420,Baran,Soybean,Kharif,Maturity,92,30.1,50.1,42.5,63.9,10.7,1,Bacterial Pustule,Medium
AGR0421,Bundi,Soybean,Kharif,Maturity,99,31.9,50.4,24.6,49.7,27.6,0,None,Low
AGR0422,Jhalawar,Soybean,Kharif,Flowering,66,27.6,69.0,34.4,63.8,22.8,0,Bacterial Pustule,Medium
AGR0423,Sriganganagar,Wheat,Rabi,Seedling,19,19.3,47.0,23.4,40.3,19.0,1,Powdery Mildew,Medium
AGR0424,Tonk,Mustard,Rabi,Maturity,86,11.2,33.8,12.1,24.2,6.2,0,None,Low
AGR0425,Hanumangarh,Wheat,Rabi,Vegetative,44,14.9,78.3,2.2,27.2,20.0,0,Powdery Mildew,Medium
AGR0426,Alwar,Mustard,Rabi,Vegetative,31,15.3,71.8,18.1,39.0,0.2,0,White Rust,Medium
AGR0427,Alwar,Mustard,Rabi,Maturity,92,21.7,37.7,21.7,41.7,24.4,0,None,Low
AGR0428,Ajmer,Chickpea,Rabi,Maturity,94,19.3,54.4,7.6,24.9,20.1,1,None,Low
AGR0429,Dausa,Mustard,Rabi,Flowering,73,17.7,44.7,10.8,26.8,2.6,1,White Rust,Medium
AGR0430,Sriganganagar,Wheat,Rabi,Maturity,84,28.2,30.7,16.1,35.3,5.1,1,Powdery Mildew,Medium
AGR0431,Churu,Wheat,Rabi,Maturity,115,14.3,65.0,24.8,49.9,21.8,0,None,Low
AGR0432,Baran,Soybean,Kharif,Vegetative,29,26.5,58.4,43.3,77.2,12.4,0,Bacterial Pustule,Medium
AGR0433,Jodhpur,Bajra,Kharif,Seedling,12,24.7,91.4,40.8,73.8,27.5,0,Ergot,Medium
AGR0434,Sriganganagar,Wheat,Rabi,Vegetative,37,32.6,76.8,1.3,19.1,2.9,1,Powdery Mildew,Medium
AGR0435,Bikaner,Wheat,Rabi,Vegetative,28,23.4,59.2,11.4,30.0,11.1,0,None,Low
AGR0436,Jaisalmer,Bajra,Kharif,Seedling,5,30.6,77.3,0.1,10.0,7.3,1,None,Low
AGR0437,Hanumangarh,Wheat,Rabi,Vegetative,25,22.0,69.7,4.4,30.7,15.3,1,Powdery Mildew,Medium
AGR0438,Kota,Soybean,Kharif,Flowering,64,36.3,71.3,1.4,17.9,12.6,0,None,Low
AGR0439,Jodhpur,Bajra,Kharif,Vegetative,38,27.9,94.6,6.2,32.7,18.3,0,Ergot,Medium
AGR0440,Bikaner,Wheat,Rabi,Seedling,10,9.4,54.5,13.8,36.5,8.3,0,None,Low
AGR0441,Sriganganagar,Wheat,Rabi,Maturity,90,20.3,39.0,7.6,21.4,17.4,1,None,Low
AGR0442,Udaipur,Maize,Kharif,Seedling,20,28.0,93.2,31.4,63.4,12.3,0,Turcicum Blight,High
AGR0443,Bharatpur,Mustard,Rabi,Vegetative,22,9.0,57.5,19.1,30.0,7.4,1,None,Low
AGR0444,Dausa,Mustard,Rabi,Vegetative,23,29.8,43.8,20.6,44.4,2.4,0,None,Low
AGR0445,Baran,Soybean,Kharif,Vegetative,45,39.3,74.0,14.8,43.6,7.4,1,None,Low
AGR0446,Sikar,Chickpea,Rabi,Flowering,53,19.7,84.9,5.5,42.3,2.9,0,Wilt,Medium
AGR0447,Dungarpur,Maize,Kharif,Maturity,78,33.7,73.5,26.2,50.5,18.7,0,None,Low
AGR0448,Bundi,Soybean,Kharif,Maturity,88,27.3,93.7,21.8,47.0,3.6,1,Rust,High
AGR0449,Bharatpur,Mustard,Rabi,Vegetative,27,28.0,65.4,7.9,34.1,17.4,1,White Rust,Medium
AGR0450,Hanumangarh,Wheat,Rabi,Seedling,3,13.9,54.5,22.5,42.4,3.7,0,None,Low
AGR0451,Bundi,Soybean,Kharif,Maturity,81,29.7,89.4,48.5,88.2,12.7,1,Rust,High
AGR0452,Jaisalmer,Bajra,Kharif,Seedling,12,32.1,77.5,46.6,87.3,24.0,1,Ergot,Medium
AGR0453,Dausa,Mustard,Rabi,Flowering,50,12.6,54.0,11.6,32.1,22.1,0,None,Low
AGR0454,Pali,Chickpea,Rabi,Maturity,89,24.3,66.0,25.0,50.6,2.1,0,Wilt,Medium
AGR0455,Hanumangarh,Wheat,Rabi,Flowering,54,14.0,52.4,8.7,27.3,0.6,1,Powdery Mildew,Medium
AGR0456,Bharatpur,Mustard,Rabi,Flowering,53,10.5,67.5,22.0,38.5,14.4,0,White Rust,Medium
AGR0457,Hanumangarh,Wheat,Rabi,Vegetative,22,22.6,44.0,19.2,41.8,21.1,0,None,Low
AGR0458,Bharatpur,Mustard,Rabi,Seedling,3,23.9,41.7,2.4,21.3,1.8,1,None,Low
AGR0459,Sriganganagar,Wheat,Rabi,Vegetative,26,24.0,75.4,21.5,51.1,13.0,0,Powdery Mildew,Medium
AGR0460,Bikaner,Wheat,Rabi,Vegetative,28,29.2,82.1,6.9,25.3,11.1,0,None,Low
AGR0461,Bikaner,Wheat,Rabi,Seedling,12,33.1,48.6,22.8,41.3,27.5,1,None,Low
AGR0462,Nagaur,Bajra,Kharif,Maturity,67,35.2,89.2,37.5,79.0,19.6,0,Ergot,Medium
AGR0463,Jaisalmer,Bajra,Kharif,Seedling,2,28.1,52.7,17.2,33.6,18.7,1,None,Low
AGR0464,Jaisalmer,Bajra,Kharif,Flowering,56,24.1,50.6,7.0,29.5,20.0,1,Ergot,Medium
AGR0465,Dungarpur,Maize,Kharif,Flowering,62,41.5,97.2,24.7,59.1,24.3,0,Common Rust,Medium
AGR0466,Dausa,Mustard,Rabi,Flowering,55,27.9,57.6,14.3,38.0,3.8,0,White Rust,Medium
AGR0467,Churu,Wheat,Rabi,Vegetative,26,33.3,49.4,11.2,26.2,18.8,0,None,Low
AGR0468,Pali,Chickpea,Rabi,Seedling,1,17.0,44.0,15.8,32.6,0.7,0,None,Low
AGR0469,Churu,Wheat,Rabi,Flowering,74,27.5,58.3,15.1,37.8,17.7,1,Powdery Mildew,Medium
AGR0470,Rajsamand,Maize,Kharif,Vegetative,22,32.5,78.0,34.2,59.0,21.1,0,Common Rust,Medium
AGR0471,Churu,Wheat,Rabi,Vegetative,28,27.6,77.8,4.7,30.3,11.2,0,Powdery Mildew,Medium
AGR0472,Dungarpur,Maize,Kharif,Vegetative,44,41.0,69.0,6.2,14.7,14.7,0,None,Low
AGR0473,Sriganganagar,Wheat,Rabi,Vegetative,47,11.0,41.2,25.0,39.4,15.2,0,Powdery Mildew,Medium
AGR0474,Sikar,Chickpea,Rabi,Seedling,6,15.7,84.7,24.2,57.2,12.3,0,Wilt,Medium
AGR0475,Tonk,Mustard,Rabi,Flowering,46,15.0,76.1,17.9,49.9,19.2,0,White Rust,Medium
AGR0476,Dungarpur,Maize,Kharif,Flowering,66,39.9,83.1,14.2,44.3,19.4,0,None,Low
AGR0477,Hanumangarh,Wheat,Rabi,Seedling,18,16.3,71.8,15.5,33.2,2.2,0,Powdery Mildew,Medium
AGR0478,Nagaur,Bajra,Kharif,Vegetative,40,32.3,66.5,16.4,44.8,16.9,0,None,Low
AGR0479,Rajsamand,Maize,Kharif,Flowering,62,28.4,87.3,3.5,24.7,18.5,0,Common Rust,Medium
AGR0480,Tonk,Mustard,Rabi,Flowering,75,29.8,67.0,12.4,38.1,26.6,1,White Rust,Medium
AGR0481,Barmer,Bajra,Kharif,Flowering,44,28.0,50.9,21.6,35.7,0.9,0,Ergot,Medium
AGR0482,Jodhpur,Bajra,Kharif,Flowering,60,41.1,60.1,39.4,61.4,21.7,0,None,Low
AGR0483,Bharatpur,Mustard,Rabi,Flowering,63,13.9,64.2,1.2,15.9,13.5,0,None,Low
AGR0484,Jaisalmer,Bajra,Kharif,Vegetative,29,22.3,94.2,48.8,87.5,6.2,0,Downy Mildew,High
AGR0485,Nagaur,Bajra,Kharif,Maturity,89,26.2,86.2,12.7,40.1,25.1,0,Ergot,Medium
AGR0486,Ajmer,Chickpea,Rabi,Vegetative,50,23.5,49.3,20.8,42.3,13.8,1,Wilt,Medium
AGR0487,Churu,Wheat,Rabi,Flowering,63,32.6,81.0,4.1,29.1,0.1,0,Powdery Mildew,Medium
AGR0488,Hanumangarh,Wheat,Rabi,Maturity,88,34.6,79.8,1.4,18.0,23.3,1,None,Low
AGR0489,Udaipur,Maize,Kharif,Vegetative,43,31.2,62.4,43.9,72.8,5.5,0,None,Low
AGR0490,Nagaur,Chickpea,Rabi,Vegetative,22,33.6,41.3,15.3,21.9,6.2,0,None,Low
AGR0491,Alwar,Mustard,Rabi,Seedling,1,22.7,67.6,4.8,21.6,14.6,0,None,Low
AGR0492,Jaisalmer,Bajra,Kharif,Flowering,49,31.4,53.4,40.9,63.3,9.4,0,Ergot,Medium
AGR0493,Hanumangarh,Wheat,Rabi,Flowering,65,23.5,58.3,12.8,30.7,3.0,0,Powdery Mildew,Medium
AGR0494,Sriganganagar,Wheat,Rabi,Seedling,16,19.4,54.9,18.3,30.2,23.5,0,None,Low
AGR0495,Dausa,Mustard,Rabi,Flowering,71,22.7,34.8,5.9,24.4,4.6,0,White Rust,Medium
AGR0496,Dausa,Mustard,Rabi,Flowering,67,11.4,50.1,5.7,30.1,6.1,0,None,Low
AGR0497,Barmer,Bajra,Kharif,Flowering,63,23.1,50.8,5.1,32.6,4.8,0,Ergot,Medium
AGR0498,Bikaner,Wheat,Rabi,Flowering,58,19.6,58.1,3.5,27.4,11.9,0,None,Low
AGR0499,Dungarpur,Maize,Kharif,Seedling,4,28.8,58.8,0.3,16.0,13.1,0,None,Low
AGR0500,Dungarpur,Maize,Kharif,Maturity,99,35.7,60.9,6.6,24.1,24.8,1,None,Low
AGR0501,Barmer,Bajra,Kharif,Maturity,90,27.5,60.7,42.9,67.4,22.9,1,Ergot,Medium
AGR0502,Alwar,Mustard,Rabi,Vegetative,39,20.1,56.9,5.4,33.5,2.2,0,None,Low
AGR0503,Bharatpur,Mustard,Rabi,Flowering,47,23.5,35.4,11.2,23.5,26.3,0,None,Low
AGR0504,Baran,Soybean,Kharif,Vegetative,24,41.1,61.5,31.2,62.2,13.3,0,None,Low
AGR0505,Nagaur,Bajra,Kharif,Maturity,84,39.5,63.0,0.2,25.1,4.6,1,None,Low
AGR0506,Bikaner,Wheat,Rabi,Vegetative,37,17.4,47.4,19.8,38.9,19.1,0,None,Low
AGR0507,Sikar,Chickpea,Rabi,Vegetative,44,16.1,55.2,2.4,12.2,25.1,1,None,Low
AGR0508,Kota,Soybean,Kharif,Maturity,85,40.7,97.0,43.4,80.7,4.9,0,Bacterial Pustule,Medium
AGR0509,Sikar,Chickpea,Rabi,Seedling,0,9.2,61.9,22.8,46.7,5.0,0,None,Low
AGR0510,Jaisalmer,Bajra,Kharif,Maturity,90,22.1,88.7,3.8,37.6,11.6,0,Ergot,Medium
AGR0511,Nagaur,Bajra,Kharif,Flowering,50,35.6,61.4,4.2,23.6,21.6,0,None,Low
AGR0512,Bharatpur,Mustard,Rabi,Seedling,20,25.0,84.4,8.6,29.6,1.7,1,White Rust,Medium
AGR0513,Pali,Chickpea,Rabi,Flowering,63,27.8,58.7,5.3,28.9,21.9,0,None,Low
AGR0514,Sikar,Chickpea,Rabi,Vegetative,44,13.5,44.3,2.3,14.9,11.2,0,None,Low
AGR0515,Sriganganagar,Wheat,Rabi,Flowering,67,19.3,58.3,17.7,26.0,25.4,0,Powdery Mildew,Medium
AGR0516,Sriganganagar,Wheat,Rabi,Flowering,75,11.7,33.0,0.5,12.1,4.0,0,None,Low
AGR0517,Dausa,Mustard,Rabi,Vegetative,41,25.8,70.0,19.7,47.1,6.8,0,White Rust,Medium
AGR0518,Jhalawar,Soybean,Kharif,Flowering,69,28.1,73.2,3.2,21.6,17.1,0,None,Low
AGR0519,Banswara,Maize,Kharif,Flowering,55,41.7,67.3,37.6,64.3,14.0,0,None,Low
AGR0520,Hanumangarh,Wheat,Rabi,Seedling,15,11.5,62.0,7.5,30.9,1.0,0,None,Low
AGR0521,Jodhpur,Bajra,Kharif,Vegetative,24,34.7,91.2,17.2,49.7,10.9,1,Ergot,Medium
AGR0522,Tonk,Mustard,Rabi,Flowering,61,32.1,74.7,17.9,36.1,7.0,0,None,Low
AGR0523,Udaipur,Maize,Kharif,Vegetative,34,40.2,57.4,31.3,61.0,0.8,0,None,Low
AGR0524,Kota,Soybean,Kharif,Flowering,59,34.9,63.3,22.5,54.5,9.7,0,None,Low
AGR0525,Baran,Soybean,Kharif,Seedling,8,25.5,79.9,44.1,74.3,26.9,1,Rust,High
AGR0526,Alwar,Mustard,Rabi,Vegetative,25,13.2,69.5,16.6,31.2,9.6,0,White Rust,Medium
AGR0527,Tonk,Mustard,Rabi,Maturity,106,8.5,67.9,23.6,52.5,17.7,0,None,Low
AGR0528,Hanumangarh,Wheat,Rabi,Flowering,59,19.8,58.9,5.0,20.3,21.0,1,Powdery Mildew,Medium
AGR0529,Hanumangarh,Wheat,Rabi,Flowering,61,28.2,38.0,21.9,40.4,7.5,0,None,Low
AGR0530,Sikar,Chickpea,Rabi,Flowering,72,34.5,51.1,4.4,31.6,9.8,1,None,Low
AGR0531,Baran,Soybean,Kharif,Vegetative,33,30.8,53.3,28.9,42.9,16.7,0,None,Low
AGR0532,Rajsamand,Maize,Kharif,Flowering,58,36.8,51.4,27.1,44.0,1.5,0,None,Low
AGR0533,Udaipur,Maize,Kharif,Vegetative,44,36.0,52.7,45.6,69.6,19.7,1,Common Rust,Medium
AGR0534,Jodhpur,Bajra,Kharif,Maturity,69,32.1,71.2,6.5,35.6,8.1,1,Ergot,Medium
AGR0535,Kota,Soybean,Kharif,Flowering,78,39.4,93.4,0.0,45.8,16.6,0,None,Low
AGR0536,Ajmer,Chickpea,Rabi,Maturity,92,27.4,64.0,2.0,22.8,6.1,1,None,Low
AGR0537,Bundi,Soybean,Kharif,Vegetative,28,27.0,89.9,23.2,46.6,13.6,0,Bacterial Pustule,Medium
AGR0538,Sriganganagar,Wheat,Rabi,Flowering,51,33.2,65.0,22.5,44.8,12.8,1,Powdery Mildew,Medium
AGR0539,Bharatpur,Mustard,Rabi,Maturity,110,12.0,81.1,11.5,34.3,5.1,0,White Rust,Medium
AGR0540,Sriganganagar,Wheat,Rabi,Flowering,67,16.2,32.8,11.7,27.5,23.9,0,None,Low
AGR0541,Udaipur,Maize,Kharif,Seedling,9,40.7,94.8,6.3,37.9,10.7,1,None,Low
AGR0542,Jaisalmer,Bajra,Kharif,Flowering,55,22.6,91.0,17.9,43.6,17.7,1,Downy Mildew,High
AGR0543,Sriganganagar,Wheat,Rabi,Maturity,93,27.3,53.6,7.7,21.2,26.9,0,None,Low
AGR0544,Jaisalmer,Bajra,Kharif,Vegetative,39,41.3,63.9,24.0,46.2,27.2,0,None,Low
AGR0545,Nagaur,Bajra,Kharif,Maturity,82,22.1,69.8,5.0,25.7,14.3,0,None,Low
AGR0546,Alwar,Mustard,Rabi,Seedling,9,8.7,52.4,5.5,22.1,14.9,0,None,Low
AGR0547,Sriganganagar,Wheat,Rabi,Seedling,2,34.9,74.0,21.1,47.8,17.8,0,None,Low
AGR0548,Barmer,Bajra,Kharif,Vegetative,32,22.8,59.9,46.3,79.7,10.3,0,Ergot,Medium
AGR0549,Alwar,Mustard,Rabi,Maturity,99,10.8,68.6,7.5,27.6,7.5,0,None,Low
AGR0550,Bundi,Soybean,Kharif,Flowering,75,42.0,91.2,20.4,49.1,27.4,1,Bacterial Pustule,Medium
AGR0551,Alwar,Mustard,Rabi,Maturity,101,25.6,70.8,0.8,15.5,3.4,0,None,Low
AGR0552,Nagaur,Chickpea,Rabi,Flowering,70,25.1,79.4,15.6,41.4,3.8,0,Wilt,Medium
AGR0553,Barmer,Bajra,Kharif,Flowering,56,24.3,90.5,7.0,36.8,14.6,0,Ergot,Medium
AGR0554,Barmer,Bajra,Kharif,Flowering,48,22.7,53.9,33.6,47.9,19.3,0,Ergot,Medium
AGR0555,Pali,Chickpea,Rabi,Seedling,11,17.2,41.9,20.3,35.2,6.1,0,None,Low
AGR0556,Bharatpur,Mustard,Rabi,Seedling,20,22.6,83.3,3.7,35.2,26.3,0,White Rust,Medium
AGR0557,Sriganganagar,Wheat,Rabi,Seedling,14,12.9,61.2,9.4,32.9,27.0,1,None,Low
AGR0558,Bikaner,Wheat,Rabi,Maturity,114,15.4,52.0,24.6,47.0,15.0,1,Powdery Mildew,Medium
AGR0559,Jhalawar,Soybean,Kharif,Vegetative,27,32.1,62.4,35.1,63.9,0.4,1,Bacterial Pustule,Medium
AGR0560,Jodhpur,Bajra,Kharif,Seedling,4,23.0,78.8,17.1,41.3,26.7,1,Ergot,Medium
AGR0561,Jaisalmer,Bajra,Kharif,Vegetative,38,40.1,84.3,40.9,70.8,18.7,1,Ergot,Medium
AGR0562,Sriganganagar,Wheat,Rabi,Flowering,70,11.4,72.1,5.3,34.3,9.1,1,Powdery Mildew,Medium
AGR0563,Churu,Wheat,Rabi,Flowering,62,30.1,59.5,21.5,47.8,6.0,0,None,Low
AGR0564,Hanumangarh,Wheat,Rabi,Seedling,10,24.4,34.6,16.1,26.0,21.4,0,None,Low
AGR0565,Alwar,Mustard,Rabi,Flowering,58,23.8,44.6,0.8,10.0,3.3,0,None,Low
AGR0566,Jaisalmer,Bajra,Kharif,Maturity,80,34.4,94.9,10.3,37.2,20.6,0,Ergot,Medium
AGR0567,Bharatpur,Mustard,Rabi,Flowering,56,31.4,58.6,16.7,40.3,22.8,0,None,Low
AGR0568,Bharatpur,Mustard,Rabi,Maturity,98,15.0,46.3,0.0,10.6,27.0,0,None,Low
AGR0569,Nagaur,Chickpea,Rabi,Flowering,58,32.8,72.1,2.0,25.7,12.5,1,None,Low
AGR0570,Bharatpur,Mustard,Rabi,Vegetative,24,10.8,30.9,15.4,34.8,26.9,0,None,Low
AGR0571,Tonk,Mustard,Rabi,Maturity,104,32.4,68.3,2.4,22.9,7.7,0,None,Low
AGR0572,Baran,Soybean,Kharif,Vegetative,22,28.4,86.6,40.1,75.3,10.8,1,Rust,High
AGR0573,Dausa,Mustard,Rabi,Flowering,58,19.3,32.4,7.2,21.8,12.6,0,None,Low
AGR0574,Jaisalmer,Bajra,Kharif,Flowering,63,24.3,71.8,42.7,67.4,16.3,0,Ergot,Medium
AGR0575,Ajmer,Chickpea,Rabi,Flowering,54,10.1,40.5,11.9,22.6,10.1,0,None,Low
AGR0576,Nagaur,Chickpea,Rabi,Maturity,89,17.7,59.1,14.6,38.9,22.3,1,None,Low
AGR0577,Churu,Wheat,Rabi,Vegetative,44,17.2,74.3,8.5,32.7,1.6,0,Powdery Mildew,Medium
AGR0578,Ajmer,Chickpea,Rabi,Maturity,98,23.0,62.3,23.4,47.4,20.3,0,None,Low
AGR0579,Bharatpur,Mustard,Rabi,Flowering,73,32.8,80.0,15.1,42.3,14.8,0,White Rust,Medium
AGR0580,Sriganganagar,Wheat,Rabi,Flowering,67,23.1,83.8,19.3,53.2,3.0,0,Powdery Mildew,Medium
AGR0581,Bharatpur,Mustard,Rabi,Vegetative,32,29.0,39.4,11.2,27.4,5.9,0,None,Low
AGR0582,Banswara,Maize,Kharif,Flowering,70,35.8,92.1,14.5,47.3,2.3,1,Common Rust,Medium
AGR0583,Bharatpur,Mustard,Rabi,Flowering,55,16.1,67.0,8.2,36.1,7.8,1,White Rust,Medium
AGR0584,Dausa,Mustard,Rabi,Vegetative,39,13.0,57.4,6.9,33.5,20.5,1,White Rust,Medium
AGR0585,Nagaur,Bajra,Kharif,Seedling,4,23.5,81.9,11.9,50.1,13.7,1,Ergot,Medium
AGR0586,Hanumangarh,Wheat,Rabi,Flowering,54,15.7,69.8,23.6,46.4,25.7,0,Powdery Mildew,Medium
AGR0587,Hanumangarh,Wheat,Rabi,Vegetative,48,23.8,55.4,20.5,53.6,19.1,1,Powdery Mildew,Medium
AGR0588,Bikaner,Wheat,Rabi,Flowering,51,13.0,75.2,10.7,29.9,5.3,0,Powdery Mildew,Medium
AGR0589,Bikaner,Wheat,Rabi,Vegetative,40,15.6,44.7,13.0,38.7,6.6,1,Powdery Mildew,Medium
AGR0590,Churu,Wheat,Rabi,Vegetative,42,11.3,36.8,14.6,25.4,20.6,0,None,Low
AGR0591,Hanumangarh,Wheat,Rabi,Flowering,65,16.7,31.9,3.2,13.1,25.6,0,None,Low
AGR0592,Barmer,Bajra,Kharif,Seedling,13,31.9,71.8,1.9,23.9,20.4,0,None,Low
AGR0593,Hanumangarh,Wheat,Rabi,Seedling,16,22.3,41.1,2.8,11.4,10.7,0,None,Low
AGR0594,Alwar,Mustard,Rabi,Maturity,95,30.6,77.6,15.1,41.8,20.4,0,None,Low
AGR0595,Pali,Chickpea,Rabi,Flowering,61,11.1,62.3,16.7,34.7,5.6,1,Wilt,Medium
AGR0596,Bharatpur,Mustard,Rabi,Seedling,0,31.8,40.7,7.8,15.4,17.4,0,None,Low
AGR0597,Jaisalmer,Bajra,Kharif,Maturity,67,34.8,83.6,5.6,31.6,23.8,0,Ergot,Medium
AGR0598,Sriganganagar,Wheat,Rabi,Vegetative,49,22.4,55.9,24.5,54.1,20.7,1,Powdery Mildew,Medium
AGR0599,Hanumangarh,Wheat,Rabi,Maturity,85,11.2,71.6,2.4,23.1,0.8,0,Powdery Mildew,Medium
AGR0600,Churu,Wheat,Rabi,Flowering,80,18.9,84.6,4.4,35.4,18.8,1,Powdery Mildew,Medium
AGR0601,Churu,Wheat,Rabi,Maturity,98,12.7,69.9,12.6,31.9,19.0,0,None,Low
AGR0602,Hanumangarh,Wheat,Rabi,Flowering,64,13.5,71.0,24.9,44.8,18.6,1,Powdery Mildew,Medium
AGR0603,Hanumangarh,Wheat,Rabi,Vegetative,50,21.3,80.8,0.4,27.0,20.4,0,Powdery Mildew,Medium
AGR0604,Churu,Wheat,Rabi,Flowering,56,32.0,33.4,11.3,32.4,5.7,0,None,Low
AGR0605,Sriganganagar,Wheat,Rabi,Vegetative,32,23.3,65.7,7.6,29.9,12.9,0,None,Low
AGR0606,Bharatpur,Mustard,Rabi,Maturity,108,15.5,50.3,4.0,24.0,24.8,0,None,Low
AGR0607,Hanumangarh,Wheat,Rabi,Seedling,10,8.3,78.5,14.3,48.2,9.3,1,None,Low
AGR0608,Bharatpur,Mustard,Rabi,Flowering,56,27.5,57.9,12.5,32.2,3.1,0,White Rust,Medium
AGR0609,Tonk,Mustard,Rabi,Vegetative,32,18.5,43.3,0.4,12.7,10.1,0,None,Low
AGR0610,Jodhpur,Bajra,Kharif,Maturity,81,23.8,62.3,4.6,26.6,2.8,0,None,Low
AGR0611,Hanumangarh,Wheat,Rabi,Flowering,78,13.4,85.0,0.1,28.9,17.9,1,Powdery Mildew,Medium
AGR0612,Bundi,Soybean,Kharif,Maturity,107,24.8,94.2,4.7,26.9,26.7,0,Bacterial Pustule,Medium
AGR0613,Jodhpur,Bajra,Kharif,Maturity,90,34.2,50.1,44.7,70.1,14.6,1,Ergot,Medium
AGR0614,Bikaner,Wheat,Rabi,Vegetative,25,15.1,72.2,23.2,49.5,13.5,0,Powdery Mildew,Medium
AGR0615,Sikar,Chickpea,Rabi,Vegetative,39,16.5,73.4,17.0,38.5,24.9,0,Wilt,Medium
AGR0616,Sikar,Chickpea,Rabi,Vegetative,26,26.7,43.4,23.3,40.6,2.9,0,Wilt,Medium
AGR0617,Bikaner,Wheat,Rabi,Flowering,76,15.2,58.6,14.1,28.7,0.4,1,Powdery Mildew,Medium
AGR0618,Bikaner,Wheat,Rabi,Seedling,11,29.1,49.9,10.2,19.7,22.7,1,None,Low
AGR0619,Bundi,Soybean,Kharif,Flowering,77,29.6,52.3,8.8,26.6,26.8,0,None,Low
AGR0620,Jaisalmer,Bajra,Kharif,Vegetative,32,23.4,67.0,25.2,54.9,13.8,0,Ergot,Medium
AGR0621,Hanumangarh,Wheat,Rabi,Maturity,96,8.1,57.6,9.6,27.1,27.2,1,None,Low
AGR0622,Hanumangarh,Wheat,Rabi,Maturity,88,12.3,49.5,10.5,22.6,10.9,0,None,Low
AGR0623,Alwar,Mustard,Rabi,Vegetative,28,26.0,41.9,5.5,15.1,20.4,0,None,Low
AGR0624,Tonk,Mustard,Rabi,Flowering,49,21.5,52.8,4.2,23.6,5.3,0,None,Low
AGR0625,Jaisalmer,Bajra,Kharif,Vegetative,16,22.2,54.4,27.8,58.0,25.0,0,None,Low
AGR0626,Dausa,Mustard,Rabi,Flowering,62,15.8,48.0,2.9,21.7,10.9,0,None,Low
AGR0627,Bharatpur,Mustard,Rabi,Vegetative,44,9.0,80.5,16.8,50.8,27.7,0,None,Low
AGR0628,Jodhpur,Bajra,Kharif,Flowering,62,39.7,72.7,26.0,47.8,5.3,0,None,Low
AGR0629,Bikaner,Wheat,Rabi,Flowering,55,20.5,79.7,1.3,25.1,24.2,1,Powdery Mildew,Medium
AGR0630,Bikaner,Wheat,Rabi,Seedling,4,17.2,79.5,23.5,57.1,18.8,0,Powdery Mildew,Medium
AGR0631,Jaisalmer,Bajra,Kharif,Vegetative,25,35.3,71.7,41.8,64.7,26.9,1,Ergot,Medium
AGR0632,Sikar,Chickpea,Rabi,Maturity,101,28.9,64.2,15.2,34.2,23.8,0,None,Low
AGR0633,Dausa,Mustard,Rabi,Vegetative,28,22.6,74.2,12.7,42.2,1.7,1,White Rust,Medium
AGR0634,Bharatpur,Mustard,Rabi,Maturity,83,18.4,54.4,3.5,21.8,2.9,0,None,Low
AGR0635,Churu,Wheat,Rabi,Maturity,102,22.5,34.7,7.6,14.7,20.8,1,None,Low
AGR0636,Dausa,Mustard,Rabi,Vegetative,45,34.0,69.5,24.8,42.5,19.6,0,None,Low
AGR0637,Bharatpur,Mustard,Rabi,Vegetative,32,15.9,67.0,17.6,47.9,10.4,1,White Rust,Medium
AGR0638,Churu,Wheat,Rabi,Flowering,60,8.5,68.7,0.5,10.9,17.7,0,None,Low
AGR0639,Bikaner,Wheat,Rabi,Maturity,107,12.4,61.1,12.6,36.6,0.4,0,None,Low
AGR0640,Dausa,Mustard,Rabi,Maturity,76,17.8,63.1,21.2,41.7,24.9,1,White Rust,Medium
AGR0641,Bikaner,Wheat,Rabi,Seedling,6,21.1,70.1,7.9,35.7,9.6,0,None,Low
AGR0642,Tonk,Mustard,Rabi,Vegetative,40,13.3,60.9,7.9,22.5,2.4,0,None,Low
AGR0643,Sriganganagar,Wheat,Rabi,Seedling,2,26.5,68.9,9.0,44.5,2.1,1,Powdery Mildew,Medium
AGR0644,Bharatpur,Mustard,Rabi,Seedling,6,19.5,54.3,16.7,38.3,8.8,0,None,Low
AGR0645,Hanumangarh,Wheat,Rabi,Flowering,64,26.4,77.9,5.9,33.3,27.4,0,Powdery Mildew,Medium
AGR0646,Nagaur,Chickpea,Rabi,Flowering,63,18.4,44.7,10.5,22.1,2.6,1,Wilt,Medium
AGR0647,Barmer,Bajra,Kharif,Vegetative,35,24.5,69.9,38.1,66.0,25.2,0,Ergot,Medium
AGR0648,Barmer,Bajra,Kharif,Flowering,58,35.3,55.1,33.6,56.3,17.8,1,Ergot,Medium
AGR0649,Kota,Soybean,Kharif,Flowering,68,38.1,89.6,43.4,87.9,11.6,0,Bacterial Pustule,Medium
AGR0650,Tonk,Mustard,Rabi,Maturity,101,26.8,44.8,25.0,45.4,4.9,1,White Rust,Medium
AGR0651,Churu,Wheat,Rabi,Maturity,103,8.3,38.2,19.4,37.5,12.5,0,None,Low
AGR0652,Bharatpur,Mustard,Rabi,Flowering,56,20.1,82.5,23.0,55.0,8.7,1,Alternaria Blight,High
AGR0653,Nagaur,Bajra,Kharif,Flowering,45,26.2,90.7,45.3,84.7,15.2,0,Downy Mildew,High
AGR0654,Barmer,Bajra,Kharif,Seedling,0,34.6,62.3,40.0,59.7,17.7,0,None,Low
AGR0655,Dausa,Mustard,Rabi,Seedling,12,21.6,33.3,22.9,47.7,17.2,0,None,Low
AGR0656,Sriganganagar,Wheat,Rabi,Vegetative,24,13.2,63.4,16.9,34.9,14.7,0,None,Low
AGR0657,Bikaner,Wheat,Rabi,Flowering,61,27.4,62.0,23.7,46.8,1.5,1,Powdery Mildew,Medium
AGR0658,Tonk,Mustard,Rabi,Flowering,66,10.9,39.6,17.3,40.3,18.1,1,White Rust,Medium
AGR0659,Jaisalmer,Bajra,Kharif,Flowering,59,39.8,85.2,25.4,65.7,27.8,0,Ergot,Medium
AGR0660,Nagaur,Bajra,Kharif,Vegetative,22,27.3,90.0,21.3,56.6,18.2,1,Downy Mildew,High
AGR0661,Tonk,Mustard,Rabi,Maturity,82,27.6,64.9,3.5,21.1,12.4,0,None,Low
AGR0662,Dungarpur,Maize,Kharif,Maturity,75,33.2,90.8,22.2,54.5,25.7,0,Common Rust,Medium
AGR0663,Nagaur,Bajra,Kharif,Vegetative,19,30.8,76.3,39.8,71.5,16.3,0,Ergot,Medium
AGR0664,Hanumangarh,Wheat,Rabi,Maturity,100,33.9,66.3,13.1,36.6,0.7,0,None,Low
AGR0665,Hanumangarh,Wheat,Rabi,Flowering,70,19.2,46.5,18.7,30.2,5.8,0,Powdery Mildew,Medium
AGR0666,Hanumangarh,Wheat,Rabi,Vegetative,28,13.5,40.4,3.1,22.1,8.7,1,None,Low
AGR0667,Sriganganagar,Wheat,Rabi,Vegetative,39,31.9,72.6,18.4,44.5,22.3,0,None,Low
AGR0668,Sriganganagar,Wheat,Rabi,Flowering,64,15.3,78.8,3.4,24.1,9.4,1,Powdery Mildew,Medium
AGR0669,Churu,Wheat,Rabi,Vegetative,45,23.8,35.7,18.3,30.2,10.8,0,Powdery Mildew,Medium
AGR0670,Hanumangarh,Wheat,Rabi,Vegetative,46,29.2,57.1,4.5,23.9,20.6,1,None,Low
AGR0671,Sriganganagar,Wheat,Rabi,Maturity,117,14.8,57.0,1.9,12.4,17.3,0,None,Low
AGR0672,Pali,Chickpea,Rabi,Flowering,65,26.0,50.8,23.9,48.3,24.5,0,Wilt,Medium
AGR0673,Bikaner,Wheat,Rabi,Maturity,120,27.1,69.3,6.3,29.5,18.4,0,None,Low
AGR0674,Dausa,Mustard,Rabi,Seedling,3,13.4,37.9,25.0,49.2,17.4,1,White Rust,Medium
AGR0675,Dausa,Mustard,Rabi,Flowering,69,19.6,45.8,15.1,32.2,1.4,0,White Rust,Medium
AGR0676,Banswara,Maize,Kharif,Vegetative,24,23.9,51.6,25.0,40.1,16.8,1,Common Rust,Medium
AGR0677,Hanumangarh,Wheat,Rabi,Vegetative,45,9.7,69.7,5.8,21.9,19.2,0,None,Low
AGR0678,Dausa,Mustard,Rabi,Flowering,66,34.5,68.0,22.1,45.0,26.5,1,White Rust,Medium
AGR0679,Udaipur,Maize,Kharif,Vegetative,43,31.7,83.7,42.6,74.8,10.0,0,Common Rust,Medium
AGR0680,Nagaur,Chickpea,Rabi,Maturity,110,15.1,82.1,18.2,43.6,6.2,0,Wilt,Medium
AGR0681,Jhalawar,Soybean,Kharif,Flowering,59,31.0,88.2,27.4,60.0,18.2,0,Bacterial Pustule,Medium
AGR0682,Bikaner,Wheat,Rabi,Seedling,5,28.4,64.2,13.5,32.5,21.0,0,None,Low
AGR0683,Churu,Wheat,Rabi,Seedling,9,27.6,64.6,9.0,31.5,11.4,0,None,Low
AGR0684,Jodhpur,Bajra,Kharif,Vegetative,22,41.4,55.4,13.4,30.1,13.8,1,None,Low
AGR0685,Pali,Chickpea,Rabi,Vegetative,49,30.6,39.0,6.9,23.1,1.8,1,Wilt,Medium
AGR0686,Jodhpur,Bajra,Kharif,Vegetative,34,36.1,61.4,19.4,40.1,12.4,1,None,Low
AGR0687,Barmer,Bajra,Kharif,Seedling,3,39.8,69.7,7.3,35.9,14.7,0,None,Low
AGR0688,Churu,Wheat,Rabi,Maturity,118,34.0,63.4,24.6,51.8,23.6,0,None,Low
AGR0689,Bundi,Soybean,Kharif,Flowering,54,22.7,81.6,14.3,42.6,15.7,0,Bacterial Pustule,Medium
AGR0690,Churu,Wheat,Rabi,Flowering,55,15.5,49.2,23.1,41.4,5.8,0,Powdery Mildew,Medium
AGR0691,Tonk,Mustard,Rabi,Flowering,71,31.6,31.7,2.3,10.0,23.9,1,None,Low
AGR0692,Alwar,Mustard,Rabi,Vegetative,25,25.0,71.1,5.2,34.6,15.0,0,None,Low
AGR0693,Dausa,Mustard,Rabi,Flowering,72,27.9,64.5,11.8,30.1,26.9,1,White Rust,Medium
AGR0694,Hanumangarh,Wheat,Rabi,Vegetative,45,26.3,79.9,18.2,46.3,20.6,0,Powdery Mildew,Medium
AGR0695,Sriganganagar,Wheat,Rabi,Vegetative,47,10.2,49.8,21.5,42.5,6.5,1,Powdery Mildew,Medium
AGR0696,Nagaur,Bajra,Kharif,Maturity,69,24.3,65.7,11.0,32.0,25.9,0,Ergot,Medium
AGR0697,Churu,Wheat,Rabi,Maturity,102,31.4,57.5,1.5,25.8,20.0,1,None,Low
AGR0698,Jodhpur,Bajra,Kharif,Vegetative,36,34.5,96.6,27.9,56.4,9.4,0,Ergot,Medium
AGR0699,Hanumangarh,Wheat,Rabi,Seedling,15,22.0,83.9,17.4,54.7,18.8,1,Powdery Mildew,Medium
AGR0700,Dausa,Mustard,Rabi,Seedling,9,14.5,70.9,18.8,47.2,8.9,1,White Rust,Medium
AGR0701,Dausa,Mustard,Rabi,Flowering,72,21.1,46.2,6.5,20.4,0.7,0,White Rust,Medium
AGR0702,Sriganganagar,Wheat,Rabi,Vegetative,50,15.7,60.5,0.0,17.0,7.9,0,None,Low
AGR0703,Dausa,Mustard,Rabi,Flowering,56,31.8,62.7,15.2,26.0,11.3,0,None,Low
AGR0704,Hanumangarh,Wheat,Rabi,Flowering,72,26.3,40.4,20.5,32.5,3.3,0,Powdery Mildew,Medium
AGR0705,Hanumangarh,Wheat,Rabi,Vegetative,24,25.7,48.8,18.7,35.3,15.4,0,None,Low
AGR0706,Udaipur,Maize,Kharif,Maturity,85,31.0,58.1,31.8,56.5,27.3,0,Common Rust,Medium
AGR0707,Alwar,Mustard,Rabi,Flowering,66,30.3,33.3,9.4,27.6,25.9,0,None,Low
AGR0708,Bundi,Soybean,Kharif,Flowering,67,32.1,81.8,45.6,89.4,24.5,1,Rust,High
AGR0709,Sriganganagar,Wheat,Rabi,Flowering,75,21.5,54.1,8.5,27.8,20.1,0,None,Low
AGR0710,Barmer,Bajra,Kharif,Vegetative,32,27.7,62.0,17.8,41.0,5.0,0,None,Low
AGR0711,Kota,Soybean,Kharif,Maturity,104,35.9,79.6,24.1,50.3,10.9,1,Bacterial Pustule,Medium
AGR0712,Jaisalmer,Bajra,Kharif,Vegetative,30,40.2,51.4,38.5,53.0,25.3,1,None,Low
AGR0713,Alwar,Mustard,Rabi,Flowering,72,20.1,60.3,23.6,43.4,5.9,0,White Rust,Medium
AGR0714,Tonk,Mustard,Rabi,Maturity,98,22.0,56.1,6.5,23.6,22.9,0,None,Low
AGR0715,Alwar,Mustard,Rabi,Seedling,16,32.3,73.0,4.9,32.7,2.4,0,None,Low
AGR0716,Ajmer,Chickpea,Rabi,Seedling,8,24.3,33.1,16.8,32.7,14.9,1,Wilt,Medium
AGR0717,Kota,Soybean,Kharif,Vegetative,33,35.3,78.3,21.1,49.9,5.6,1,Bacterial Pustule,Medium
AGR0718,Dungarpur,Maize,Kharif,Vegetative,40,28.1,75.2,32.6,58.8,21.8,0,Common Rust,Medium
AGR0719,Churu,Wheat,Rabi,Maturity,83,28.7,83.5,7.1,23.7,2.0,1,Powdery Mildew,Medium
AGR0720,Nagaur,Bajra,Kharif,Seedling,0,28.9,85.7,21.9,42.4,22.9,0,Ergot,Medium
AGR0721,Sikar,Chickpea,Rabi,Flowering,65,22.8,81.1,23.7,44.5,1.9,0,Wilt,Medium
AGR0722,Sriganganagar,Wheat,Rabi,Vegetative,21,20.3,63.5,6.4,25.3,11.4,1,Powdery Mildew,Medium
AGR0723,Hanumangarh,Wheat,Rabi,Vegetative,46,26.3,42.5,15.0,35.7,19.5,0,None,Low
AGR0724,Jaisalmer,Bajra,Kharif,Vegetative,19,23.8,73.9,13.2,42.8,20.3,0,None,Low
AGR0725,Jodhpur,Bajra,Kharif,Vegetative,34,25.8,92.8,21.5,57.6,5.5,0,Ergot,Medium
AGR0726,Bundi,Soybean,Kharif,Flowering,53,30.8,69.6,21.4,44.0,16.4,1,Bacterial Pustule,Medium
AGR0727,Hanumangarh,Wheat,Rabi,Seedling,0,22.1,38.2,1.6,19.1,20.4,0,None,Low
AGR0728,Bundi,Soybean,Kharif,Maturity,109,33.2,67.2,40.4,64.0,10.9,1,Bacterial Pustule,Medium
AGR0729,Bikaner,Wheat,Rabi,Seedling,18,29.5,46.8,1.8,20.5,26.1,0,None,Low
AGR0730,Churu,Wheat,Rabi,Flowering,51,18.7,73.6,7.0,22.1,18.1,0,Powdery Mildew,Medium
AGR0731,Churu,Wheat,Rabi,Maturity,99,31.6,32.3,20.8,28.8,16.0,0,None,Low
AGR0732,Jhalawar,Soybean,Kharif,Vegetative,25,34.1,75.1,43.7,83.2,1.2,0,Bacterial Pustule,Medium
AGR0733,Barmer,Bajra,Kharif,Flowering,46,27.2,92.0,37.6,71.7,0.5,1,Downy Mildew,High
AGR0734,Bharatpur,Mustard,Rabi,Seedling,15,22.0,59.1,10.0,26.3,8.3,0,None,Low
AGR0735,Alwar,Mustard,Rabi,Maturity,110,26.4,41.4,20.0,41.9,22.5,0,None,Low
AGR0736,Nagaur,Chickpea,Rabi,Maturity,96,19.2,45.6,7.1,28.3,13.5,0,None,Low
AGR0737,Tonk,Mustard,Rabi,Seedling,9,27.4,49.7,15.3,31.1,10.7,0,None,Low
AGR0738,Baran,Soybean,Kharif,Maturity,84,28.1,51.2,0.2,17.0,6.4,1,None,Low
AGR0739,Bharatpur,Mustard,Rabi,Flowering,47,19.0,76.8,20.0,47.7,7.5,0,White Rust,Medium
AGR0740,Dausa,Mustard,Rabi,Maturity,83,14.6,42.5,8.5,10.0,13.9,0,None,Low
AGR0741,Alwar,Mustard,Rabi,Vegetative,44,19.8,42.0,3.3,10.0,0.4,1,White Rust,Medium
AGR0742,Bharatpur,Mustard,Rabi,Maturity,91,12.2,68.8,6.1,32.7,13.1,1,White Rust,Medium
AGR0743,Jaisalmer,Bajra,Kharif,Maturity,84,33.8,92.6,44.4,76.9,20.9,1,Downy Mildew,High
AGR0744,Bharatpur,Mustard,Rabi,Seedling,15,8.9,61.6,19.7,44.8,0.5,0,None,Low
AGR0745,Bikaner,Wheat,Rabi,Vegetative,21,22.8,77.2,11.9,38.8,0.1,0,Powdery Mildew,Medium
AGR0746,Sikar,Chickpea,Rabi,Flowering,80,8.3,52.9,3.9,26.6,18.6,0,None,Low
AGR0747,Alwar,Mustard,Rabi,Vegetative,25,27.1,39.8,22.2,31.8,12.4,1,White Rust,Medium
AGR0748,Bharatpur,Mustard,Rabi,Vegetative,37,11.9,72.0,19.7,47.2,17.9,1,White Rust,Medium
AGR0749,Nagaur,Chickpea,Rabi,Maturity,85,31.0,70.6,22.1,47.4,12.1,0,None,Low
AGR0750,Jodhpur,Bajra,Kharif,Flowering,54,37.0,98.0,36.2,68.9,3.2,0,Ergot,Medium
AGR0751,Sriganganagar,Wheat,Rabi,Flowering,74,22.0,62.3,4.4,20.0,27.0,0,None,Low
AGR0752,Pali,Chickpea,Rabi,Flowering,80,12.7,39.8,22.9,40.6,13.0,0,Wilt,Medium
AGR0753,Nagaur,Bajra,Kharif,Seedling,8,23.3,78.7,30.1,62.9,1.8,1,Downy Mildew,High
AGR0754,Bharatpur,Mustard,Rabi,Flowering,50,34.3,59.9,14.0,35.1,14.6,0,None,Low
AGR0755,Bikaner,Wheat,Rabi,Seedling,14,24.5,44.5,7.2,22.5,14.3,0,None,Low
AGR0756,Jhalawar,Soybean,Kharif,Vegetative,21,38.1,52.4,30.2,49.5,22.6,1,None,Low
AGR0757,Nagaur,Bajra,Kharif,Flowering,62,25.1,50.7,15.6,31.8,16.5,0,Ergot,Medium
AGR0758,Dausa,Mustard,Rabi,Flowering,68,11.7,53.4,13.8,28.6,16.8,1,White Rust,Medium
AGR0759,Sikar,Chickpea,Rabi,Vegetative,39,15.4,52.0,19.5,36.4,26.4,0,None,Low
AGR0760,Jhalawar,Soybean,Kharif,Flowering,79,39.2,77.1,20.5,50.7,9.3,0,None,Low
AGR0761,Hanumangarh,Wheat,Rabi,Seedling,17,11.4,35.9,17.2,34.9,7.3,0,None,Low
AGR0762,Bharatpur,Mustard,Rabi,Maturity,83,14.9,84.9,4.7,24.7,4.1,1,White Rust,Medium
AGR0763,Hanumangarh,Wheat,Rabi,Seedling,9,10.7,61.9,15.7,32.9,10.2,0,None,Low
AGR0764,Jodhpur,Bajra,Kharif,Vegetative,21,32.7,87.8,40.9,71.9,26.8,0,Ergot,Medium
AGR0765,Sriganganagar,Wheat,Rabi,Flowering,78,30.3,61.1,4.5,23.4,2.8,1,None,Low
AGR0766,Jodhpur,Bajra,Kharif,Vegetative,20,23.1,82.0,40.4,64.7,14.2,0,Ergot,Medium
AGR0767,Baran,Soybean,Kharif,Vegetative,40,23.1,75.7,46.8,74.5,16.7,0,Bacterial Pustule,Medium
AGR0768,Ajmer,Chickpea,Rabi,Vegetative,47,29.9,74.0,23.3,43.2,21.6,0,None,Low
AGR0769,Alwar,Mustard,Rabi,Flowering,52,28.2,42.9,1.5,16.7,14.5,0,None,Low
AGR0770,Bundi,Soybean,Kharif,Vegetative,30,24.5,96.2,14.5,46.1,23.9,1,Bacterial Pustule,Medium
AGR0771,Bikaner,Wheat,Rabi,Flowering,53,18.5,47.8,23.4,40.1,10.2,1,Powdery Mildew,Medium
AGR0772,Jhalawar,Soybean,Kharif,Vegetative,48,29.8,55.1,33.5,51.4,8.1,1,Bacterial Pustule,Medium
AGR0773,Sriganganagar,Wheat,Rabi,Flowering,56,23.8,62.5,18.0,38.1,20.9,1,Powdery Mildew,Medium
AGR0774,Alwar,Mustard,Rabi,Maturity,102,21.9,48.2,20.9,36.7,8.7,0,None,Low
AGR0775,Jhalawar,Soybean,Kharif,Seedling,5,32.2,69.3,42.8,80.3,12.1,1,Bacterial Pustule,Medium
AGR0776,Hanumangarh,Wheat,Rabi,Seedling,8,18.4,67.9,15.1,43.5,3.0,0,Powdery Mildew,Medium
AGR0777,Hanumangarh,Wheat,Rabi,Seedling,11,21.7,70.5,24.8,47.5,17.6,0,None,Low
AGR0778,Jodhpur,Bajra,Kharif,Flowering,43,29.4,60.9,43.6,71.4,22.8,0,None,Low
AGR0779,Jaisalmer,Bajra,Kharif,Flowering,61,26.7,59.6,35.8,65.6,8.8,0,Ergot,Medium
AGR0780,Jodhpur,Bajra,Kharif,Seedling,2,28.1,57.3,13.2,29.6,12.0,1,None,Low
AGR0781,Jodhpur,Bajra,Kharif,Vegetative,25,36.7,66.1,16.4,32.4,8.0,0,None,Low
AGR0782,Dausa,Mustard,Rabi,Flowering,61,20.9,39.9,12.1,17.5,19.7,0,None,Low
AGR0783,Bikaner,Wheat,Rabi,Flowering,77,8.8,30.5,1.9,17.8,15.0,0,None,Low
AGR0784,Tonk,Mustard,Rabi,Vegetative,22,31.1,30.3,23.4,36.2,3.0,0,None,Low
AGR0785,Churu,Wheat,Rabi,Maturity,81,30.7,56.6,16.5,38.2,14.3,0,None,Low
AGR0786,Pali,Chickpea,Rabi,Seedling,9,20.9,75.9,18.9,42.6,13.5,1,Wilt,Medium
AGR0787,Jaisalmer,Bajra,Kharif,Flowering,62,24.2,55.5,40.1,58.4,14.8,0,Ergot,Medium
AGR0788,Tonk,Mustard,Rabi,Maturity,96,21.0,67.4,21.5,40.6,17.6,1,White Rust,Medium
AGR0789,Alwar,Mustard,Rabi,Vegetative,42,28.6,72.1,8.9,25.6,7.7,0,None,Low
AGR0790,Pali,Chickpea,Rabi,Flowering,80,29.6,50.7,22.6,46.6,2.0,0,None,Low
AGR0791,Hanumangarh,Wheat,Rabi,Flowering,78,9.6,81.0,16.2,51.2,10.6,0,Powdery Mildew,Medium
AGR0792,Nagaur,Bajra,Kharif,Flowering,53,37.1,82.3,26.6,56.8,2.8,1,Ergot,Medium
AGR0793,Dausa,Mustard,Rabi,Flowering,62,29.9,77.6,4.3,20.9,23.8,0,None,Low
AGR0794,Jodhpur,Bajra,Kharif,Flowering,59,39.6,76.4,32.8,64.8,10.7,1,Ergot,Medium
AGR0795,Hanumangarh,Wheat,Rabi,Maturity,116,15.6,69.7,21.5,53.0,18.3,1,Powdery Mildew,Medium
AGR0796,Sikar,Chickpea,Rabi,Flowering,64,21.8,38.7,1.3,18.0,12.5,1,Wilt,Medium
AGR0797,Sikar,Chickpea,Rabi,Vegetative,26,9.3,61.3,9.6,29.8,21.2,1,None,Low
AGR0798,Jodhpur,Bajra,Kharif,Maturity,82,28.1,78.5,26.9,54.7,0.1,1,Ergot,Medium
AGR0799,Jodhpur,Bajra,Kharif,Flowering,62,23.4,63.9,44.1,71.9,4.1,0,Ergot,Medium
AGR0800,Sikar,Chickpea,Rabi,Vegetative,40,27.2,83.5,19.8,54.9,6.8,1,Wilt,Medium
AGR0801,Jaisalmer,Bajra,Kharif,Flowering,65,40.2,54.5,23.4,48.2,24.9,0,None,Low
AGR0802,Sriganganagar,Wheat,Rabi,Vegetative,35,25.3,52.8,7.3,22.7,10.5,1,Powdery Mildew,Medium
AGR0803,Nagaur,Bajra,Kharif,Maturity,74,32.2,65.3,48.4,75.6,26.1,0,Ergot,Medium
AGR0804,Jodhpur,Bajra,Kharif,Vegetative,34,39.4,70.2,34.6,60.2,25.3,0,None,Low
AGR0805,Dausa,Mustard,Rabi,Flowering,62,31.0,52.8,2.8,13.9,2.1,0,None,Low
AGR0806,Barmer,Bajra,Kharif,Flowering,49,33.5,80.8,42.5,82.0,8.2,0,Ergot,Medium
AGR0807,Ajmer,Chickpea,Rabi,Vegetative,40,12.5,50.8,8.8,21.9,3.7,0,None,Low
AGR0808,Nagaur,Chickpea,Rabi,Vegetative,27,26.2,58.0,18.0,41.5,9.9,0,None,Low
AGR0809,Tonk,Mustard,Rabi,Vegetative,43,16.8,56.0,21.9,39.8,1.1,1,White Rust,Medium
AGR0810,Sriganganagar,Wheat,Rabi,Seedling,19,29.7,50.3,21.4,38.4,22.5,0,None,Low
AGR0811,Udaipur,Maize,Kharif,Seedling,0,29.0,83.3,8.0,34.0,25.1,0,None,Low
AGR0812,Bundi,Soybean,Kharif,Vegetative,25,30.1,71.9,35.3,66.7,23.0,1,Bacterial Pustule,Medium
AGR0813,Hanumangarh,Wheat,Rabi,Seedling,1,14.4,66.4,9.8,30.4,10.3,0,None,Low
AGR0814,Sikar,Chickpea,Rabi,Seedling,17,26.6,51.3,8.7,20.1,23.4,0,None,Low
AGR0815,Ajmer,Chickpea,Rabi,Flowering,76,10.7,67.2,6.2,27.7,0.4,1,Wilt,Medium
AGR0816,Tonk,Mustard,Rabi,Flowering,61,12.5,63.4,17.7,36.4,0.6,1,White Rust,Medium
AGR0817,Jaisalmer,Bajra,Kharif,Seedling,15,22.7,93.3,3.7,40.1,25.0,0,Ergot,Medium
AGR0818,Tonk,Mustard,Rabi,Vegetative,38,14.2,70.7,7.7,29.2,24.0,0,None,Low
AGR0819,Sriganganagar,Wheat,Rabi,Maturity,99,26.9,52.1,1.9,14.6,20.5,0,None,Low
AGR0820,Tonk,Mustard,Rabi,Flowering,58,24.7,30.2,0.2,19.2,22.6,0,None,Low
AGR0821,Baran,Soybean,Kharif,Flowering,53,27.2,80.5,22.7,55.1,24.2,0,Bacterial Pustule,Medium
AGR0822,Churu,Wheat,Rabi,Flowering,51,32.8,84.8,3.8,25.5,24.2,1,Powdery Mildew,Medium
AGR0823,Alwar,Mustard,Rabi,Vegetative,34,15.2,62.5,12.6,29.9,0.5,1,White Rust,Medium
AGR0824,Dausa,Mustard,Rabi,Vegetative,34,33.2,34.3,17.2,33.3,22.0,1,None,Low
AGR0825,Alwar,Mustard,Rabi,Vegetative,29,29.5,37.5,11.2,24.9,23.2,0,None,Low
AGR0826,Sikar,Chickpea,Rabi,Vegetative,31,16.2,55.7,6.8,29.3,13.0,1,Wilt,Medium
AGR0827,Bharatpur,Mustard,Rabi,Flowering,62,32.0,55.0,13.9,29.9,11.3,0,None,Low
AGR0828,Alwar,Mustard,Rabi,Maturity,108,20.4,30.8,7.1,21.3,12.2,0,None,Low
AGR0829,Jaisalmer,Bajra,Kharif,Maturity,74,34.7,71.6,16.9,30.6,10.9,0,None,Low
AGR0830,Alwar,Mustard,Rabi,Seedling,20,14.5,80.8,13.0,39.1,0.4,0,White Rust,Medium
AGR0831,Hanumangarh,Wheat,Rabi,Vegetative,46,8.5,83.5,5.5,28.6,22.6,1,Powdery Mildew,Medium
AGR0832,Alwar,Mustard,Rabi,Vegetative,26,9.6,80.7,21.9,48.2,16.0,0,None,Low
AGR0833,Bikaner,Wheat,Rabi,Vegetative,24,8.2,44.2,10.2,25.0,12.9,0,None,Low
AGR0834,Churu,Wheat,Rabi,Flowering,61,16.0,31.8,14.8,33.0,14.7,0,None,Low
AGR0835,Alwar,Mustard,Rabi,Maturity,103,15.6,32.1,24.9,33.7,13.5,1,White Rust,Medium
AGR0836,Alwar,Mustard,Rabi,Vegetative,42,28.4,54.9,1.1,10.0,8.7,0,None,Low
AGR0837,Ajmer,Chickpea,Rabi,Flowering,76,16.6,76.1,16.4,37.3,7.7,0,Wilt,Medium
AGR0838,Dausa,Mustard,Rabi,Seedling,3,34.1,47.7,25.0,49.4,27.9,0,None,Low
AGR0839,Barmer,Bajra,Kharif,Flowering,47,25.8,65.0,24.3,40.4,18.6,0,Ergot,Medium
AGR0840,Jaisalmer,Bajra,Kharif,Seedling,5,32.6,96.5,36.2,69.5,5.9,0,Ergot,Medium
AGR0841,Hanumangarh,Wheat,Rabi,Seedling,14,10.8,67.9,4.0,29.4,22.1,0,None,Low
AGR0842,Nagaur,Bajra,Kharif,Vegetative,18,28.2,65.7,0.5,20.0,19.6,0,None,Low
AGR0843,Churu,Wheat,Rabi,Vegetative,38,11.1,72.5,12.3,42.2,22.0,0,None,Low
AGR0844,Dungarpur,Maize,Kharif,Vegetative,26,33.7,54.0,38.3,52.0,2.0,1,Common Rust,Medium
AGR0845,Churu,Wheat,Rabi,Vegetative,36,20.9,39.5,18.8,32.8,25.5,1,Powdery Mildew,Medium
AGR0846,Alwar,Mustard,Rabi,Flowering,62,23.0,59.0,19.1,47.3,0.1,0,White Rust,Medium
AGR0847,Churu,Wheat,Rabi,Vegetative,41,32.8,40.9,24.6,36.2,20.6,0,None,Low
AGR0848,Udaipur,Maize,Kharif,Flowering,48,37.5,81.5,23.6,57.9,16.0,0,Common Rust,Medium
AGR0849,Bharatpur,Mustard,Rabi,Maturity,95,9.3,64.3,15.7,37.0,25.0,0,None,Low
AGR0850,Jodhpur,Bajra,Kharif,Vegetative,19,32.1,53.7,15.3,36.6,18.4,1,None,Low
AGR0851,Bikaner,Wheat,Rabi,Vegetative,24,14.5,45.4,20.5,44.5,16.4,1,Powdery Mildew,Medium
AGR0852,Jaisalmer,Bajra,Kharif,Maturity,89,32.2,65.3,36.5,65.5,8.1,0,None,Low
AGR0853,Sriganganagar,Wheat,Rabi,Flowering,75,27.9,33.9,21.6,33.1,14.0,0,Powdery Mildew,Medium
AGR0854,Nagaur,Chickpea,Rabi,Vegetative,46,19.8,63.6,15.6,40.6,3.7,0,Wilt,Medium
AGR0855,Churu,Wheat,Rabi,Maturity,105,28.4,45.2,22.6,37.4,22.9,0,None,Low
AGR0856,Hanumangarh,Wheat,Rabi,Maturity,112,17.3,74.4,8.9,34.4,2.8,0,None,Low
AGR0857,Hanumangarh,Wheat,Rabi,Maturity,85,34.0,65.9,11.4,27.2,11.1,0,None,Low
AGR0858,Alwar,Mustard,Rabi,Vegetative,30,16.8,84.0,3.4,29.4,8.8,1,White Rust,Medium
AGR0859,Jodhpur,Bajra,Kharif,Vegetative,22,31.7,72.9,23.6,56.1,4.9,0,Ergot,Medium
AGR0860,Bikaner,Wheat,Rabi,Vegetative,37,11.9,44.0,22.9,39.2,3.2,0,Powdery Mildew,Medium
AGR0861,Bundi,Soybean,Kharif,Seedling,8,37.1,86.4,40.5,80.0,24.8,1,Bacterial Pustule,Medium
AGR0862,Tonk,Mustard,Rabi,Seedling,12,15.1,42.4,11.6,42.1,7.4,0,None,Low
AGR0863,Bharatpur,Mustard,Rabi,Flowering,67,27.8,65.0,21.9,45.6,2.3,0,White Rust,Medium
AGR0864,Tonk,Mustard,Rabi,Flowering,50,32.7,46.1,12.3,31.7,12.3,0,None,Low
AGR0865,Tonk,Mustard,Rabi,Flowering,62,28.5,53.1,23.6,46.6,25.3,0,None,Low
AGR0866,Nagaur,Bajra,Kharif,Vegetative,31,39.4,53.4,42.7,68.4,21.9,1,None,Low
AGR0867,Churu,Wheat,Rabi,Flowering,75,10.8,35.9,2.5,17.7,0.3,1,Powdery Mildew,Medium
AGR0868,Bikaner,Wheat,Rabi,Seedling,8,22.8,83.5,11.0,37.0,15.1,1,Powdery Mildew,Medium
AGR0869,Sikar,Chickpea,Rabi,Vegetative,25,34.1,44.0,21.5,35.7,15.3,1,None,Low
AGR0870,Pali,Chickpea,Rabi,Vegetative,34,23.4,48.9,14.0,23.8,2.0,0,None,Low
AGR0871,Bharatpur,Mustard,Rabi,Vegetative,36,28.6,45.7,22.2,38.6,10.3,1,None,Low
AGR0872,Bikaner,Wheat,Rabi,Seedling,16,11.9,68.3,4.1,29.9,21.1,1,None,Low
AGR0873,Nagaur,Bajra,Kharif,Flowering,61,41.4,87.4,1.1,22.8,16.8,0,None,Low
AGR0874,Dausa,Mustard,Rabi,Flowering,51,26.8,75.4,1.4,25.5,13.4,0,White Rust,Medium
AGR0875,Churu,Wheat,Rabi,Flowering,80,22.5,39.3,8.1,20.9,12.3,0,None,Low
AGR0876,Hanumangarh,Wheat,Rabi,Vegetative,21,30.5,81.1,15.7,40.1,11.1,0,Powdery Mildew,Medium
AGR0877,Jodhpur,Bajra,Kharif,Vegetative,26,27.1,97.1,49.2,78.9,25.9,0,Downy Mildew,High
AGR0878,Nagaur,Bajra,Kharif,Flowering,59,37.7,65.6,40.9,75.6,11.4,1,Ergot,Medium
AGR0879,Churu,Wheat,Rabi,Vegetative,30,16.8,71.0,2.0,26.3,1.4,1,Powdery Mildew,Medium
AGR0880,Churu,Wheat,Rabi,Flowering,69,20.1,54.5,22.4,56.6,3.5,0,Powdery Mildew,Medium
AGR0881,Churu,Wheat,Rabi,Vegetative,29,11.3,38.1,0.7,17.7,2.0,0,None,Low
AGR0882,Jodhpur,Bajra,Kharif,Vegetative,26,35.2,70.7,38.2,73.8,27.8,1,Ergot,Medium
AGR0883,Sriganganagar,Wheat,Rabi,Vegetative,43,25.8,32.8,2.6,10.0,24.7,1,None,Low
AGR0884,Hanumangarh,Wheat,Rabi,Vegetative,39,22.2,75.4,21.4,39.5,26.0,0,Powdery Mildew,Medium
AGR0885,Kota,Soybean,Kharif,Vegetative,50,41.0,76.6,17.1,43.7,26.9,1,Bacterial Pustule,Medium
AGR0886,Churu,Wheat,Rabi,Maturity,88,22.8,33.5,16.1,23.6,16.5,1,Powdery Mildew,Medium
AGR0887,Barmer,Bajra,Kharif,Maturity,74,39.9,81.4,17.5,42.0,27.1,1,Ergot,Medium
AGR0888,Hanumangarh,Wheat,Rabi,Vegetative,50,29.6,64.7,7.3,40.8,10.5,0,None,Low
AGR0889,Hanumangarh,Wheat,Rabi,Maturity,83,26.1,34.0,6.4,23.8,20.0,0,None,Low
AGR0890,Churu,Wheat,Rabi,Flowering,65,21.0,52.1,3.8,15.5,12.4,1,Powdery Mildew,Medium
AGR0891,Jaisalmer,Bajra,Kharif,Flowering,58,37.4,62.7,0.3,10.0,18.7,0,None,Low
AGR0892,Sikar,Chickpea,Rabi,Vegetative,33,34.3,63.4,3.0,17.5,9.0,1,None,Low
AGR0893,Kota,Soybean,Kharif,Maturity,82,39.4,61.2,30.4,52.1,11.3,0,None,Low
AGR0894,Bharatpur,Mustard,Rabi,Seedling,14,13.6,74.7,18.6,43.1,18.5,0,None,Low
AGR0895,Nagaur,Bajra,Kharif,Seedling,0,26.7,54.7,28.8,44.6,15.5,0,None,Low
AGR0896,Churu,Wheat,Rabi,Flowering,79,13.1,33.1,2.0,18.0,27.8,0,None,Low
AGR0897,Hanumangarh,Wheat,Rabi,Vegetative,44,29.2,80.7,4.9,26.5,26.9,1,Powdery Mildew,Medium
AGR0898,Sikar,Chickpea,Rabi,Flowering,57,11.9,58.0,20.7,45.5,9.8,0,Wilt,Medium
AGR0899,Hanumangarh,Wheat,Rabi,Seedling,16,19.5,37.1,3.1,15.1,17.3,1,None,Low
AGR0900,Sriganganagar,Wheat,Rabi,Flowering,76,26.2,72.8,13.9,43.2,18.1,1,Powdery Mildew,Medium
AGR0901,Hanumangarh,Wheat,Rabi,Flowering,71,8.4,38.9,24.6,40.0,2.1,0,None,Low
AGR0902,Churu,Wheat,Rabi,Flowering,80,26.3,39.7,17.9,28.8,19.8,1,Powdery Mildew,Medium
AGR0903,Sriganganagar,Wheat,Rabi,Flowering,75,14.3,44.8,16.4,30.1,10.9,0,Powdery Mildew,Medium
AGR0904,Jaisalmer,Bajra,Kharif,Flowering,43,25.9,85.1,7.7,31.8,24.0,1,Ergot,Medium
AGR0905,Alwar,Mustard,Rabi,Flowering,66,21.9,35.8,17.4,41.9,14.5,0,White Rust,Medium
AGR0906,Ajmer,Chickpea,Rabi,Vegetative,46,16.0,53.2,7.5,25.3,7.4,0,None,Low
AGR0907,Baran,Soybean,Kharif,Vegetative,45,25.3,67.4,12.5,35.2,19.1,0,Bacterial Pustule,Medium
AGR0908,Bharatpur,Mustard,Rabi,Flowering,54,26.5,57.6,19.4,45.0,23.6,1,White Rust,Medium
AGR0909,Sriganganagar,Wheat,Rabi,Flowering,51,23.7,64.0,7.1,27.7,25.1,1,Powdery Mildew,Medium
AGR0910,Alwar,Mustard,Rabi,Flowering,67,8.7,49.2,18.0,42.0,2.2,0,None,Low
AGR0911,Jaisalmer,Bajra,Kharif,Maturity,84,25.7,78.3,28.0,55.2,20.7,0,Ergot,Medium
AGR0912,Sriganganagar,Wheat,Rabi,Seedling,8,29.9,37.1,0.5,10.0,19.3,0,None,Low
AGR0913,Jodhpur,Bajra,Kharif,Flowering,59,28.0,80.0,7.5,28.1,13.1,1,Ergot,Medium
AGR0914,Bharatpur,Mustard,Rabi,Maturity,90,21.6,62.2,12.8,43.3,13.9,0,None,Low
AGR0915,Jaisalmer,Bajra,Kharif,Flowering,61,28.7,53.4,4.5,21.1,12.1,1,None,Low
AGR0916,Dausa,Mustard,Rabi,Vegetative,45,17.6,58.4,7.6,20.8,19.3,0,None,Low
AGR0917,Churu,Wheat,Rabi,Maturity,82,31.3,46.4,4.8,20.7,3.3,0,None,Low
AGR0918,Pali,Chickpea,Rabi,Seedling,5,24.6,54.4,4.7,18.7,18.3,1,None,Low
AGR0919,Jhalawar,Soybean,Kharif,Vegetative,45,25.0,76.6,26.4,52.7,20.6,1,Rust,High
AGR0920,Hanumangarh,Wheat,Rabi,Flowering,65,9.5,78.8,17.6,46.3,6.1,1,Powdery Mildew,Medium
AGR0921,Sikar,Chickpea,Rabi,Seedling,16,13.0,53.7,20.4,48.2,23.6,0,None,Low
AGR0922,Alwar,Mustard,Rabi,Seedling,1,22.1,77.3,0.1,23.8,1.0,1,White Rust,Medium
AGR0923,Nagaur,Chickpea,Rabi,Flowering,72,32.6,72.6,11.3,31.8,21.1,0,None,Low
AGR0924,Baran,Soybean,Kharif,Vegetative,49,41.1,87.1,42.1,74.1,21.3,1,Bacterial Pustule,Medium
AGR0925,Dausa,Mustard,Rabi,Flowering,74,12.5,75.8,4.9,31.9,25.0,0,White Rust,Medium
AGR0926,Hanumangarh,Wheat,Rabi,Vegetative,23,20.4,67.2,12.4,25.2,2.6,0,Powdery Mildew,Medium
AGR0927,Bikaner,Wheat,Rabi,Vegetative,28,15.8,84.1,24.0,48.8,9.0,0,Powdery Mildew,Medium
AGR0928,Dausa,Mustard,Rabi,Seedling,3,34.9,76.5,15.3,42.4,1.1,0,White Rust,Medium
AGR0929,Barmer,Bajra,Kharif,Flowering,60,40.0,76.8,43.4,66.6,23.4,0,Ergot,Medium
AGR0930,Churu,Wheat,Rabi,Seedling,10,30.5,68.4,7.3,27.7,9.4,1,None,Low
AGR0931,Sriganganagar,Wheat,Rabi,Maturity,110,16.3,31.1,14.6,24.5,19.6,1,None,Low
AGR0932,Bundi,Soybean,Kharif,Vegetative,50,39.1,56.7,27.2,54.0,0.2,1,None,Low
AGR0933,Dungarpur,Maize,Kharif,Maturity,79,23.9,52.6,36.3,58.1,2.3,0,Common Rust,Medium
AGR0934,Tonk,Mustard,Rabi,Seedling,1,27.3,43.7,21.9,45.3,22.8,0,None,Low
AGR0935,Bikaner,Wheat,Rabi,Flowering,65,33.9,78.6,23.3,51.9,24.0,1,Powdery Mildew,Medium
AGR0936,Sriganganagar,Wheat,Rabi,Seedling,3,26.7,39.4,6.8,28.9,6.0,0,None,Low
AGR0937,Hanumangarh,Wheat,Rabi,Flowering,76,24.3,57.7,21.7,36.4,26.7,0,Powdery Mildew,Medium
AGR0938,Pali,Chickpea,Rabi,Flowering,66,18.9,57.8,24.3,54.6,7.7,1,Wilt,Medium
AGR0939,Hanumangarh,Wheat,Rabi,Flowering,57,29.4,42.4,17.0,31.1,7.1,0,None,Low
AGR0940,Jodhpur,Bajra,Kharif,Flowering,60,39.7,77.0,9.3,41.6,6.3,0,None,Low
AGR0941,Bikaner,Wheat,Rabi,Seedling,4,21.3,82.9,19.2,53.8,13.7,1,Powdery Mildew,Medium
AGR0942,Barmer,Bajra,Kharif,Vegetative,27,28.8,76.4,37.4,53.5,22.0,0,Ergot,Medium
AGR0943,Nagaur,Bajra,Kharif,Flowering,47,28.5,84.6,32.9,67.3,26.9,1,Downy Mildew,High
AGR0944,Baran,Soybean,Kharif,Flowering,78,40.6,87.9,36.2,74.8,7.7,0,Bacterial Pustule,Medium
AGR0945,Hanumangarh,Wheat,Rabi,Vegetative,46,30.8,53.5,6.8,30.9,10.8,1,None,Low
AGR0946,Hanumangarh,Wheat,Rabi,Maturity,103,30.6,38.2,11.4,19.3,13.8,0,None,Low
AGR0947,Hanumangarh,Wheat,Rabi,Flowering,71,9.0,40.8,20.7,40.0,23.3,1,None,Low
AGR0948,Nagaur,Chickpea,Rabi,Flowering,54,15.9,78.1,19.3,47.6,11.7,0,Wilt,Medium
AGR0949,Sikar,Chickpea,Rabi,Maturity,101,28.2,82.9,11.5,40.8,6.7,1,Wilt,Medium
AGR0950,Jaisalmer,Bajra,Kharif,Flowering,50,40.8,79.0,5.3,35.1,16.0,0,None,Low
AGR0951,Nagaur,Bajra,Kharif,Vegetative,28,32.0,91.1,26.5,64.9,7.1,0,Ergot,Medium
AGR0952,Barmer,Bajra,Kharif,Flowering,56,35.5,76.0,11.7,33.6,16.1,1,Ergot,Medium
AGR0953,Sriganganagar,Wheat,Rabi,Vegetative,47,30.2,31.6,15.8,29.8,9.8,0,None,Low
AGR0954,Nagaur,Chickpea,Rabi,Vegetative,33,15.9,51.6,8.6,26.0,23.3,0,None,Low
AGR0955,Bharatpur,Mustard,Rabi,Vegetative,32,15.4,70.3,2.4,22.8,26.6,0,None,Low
AGR0956,Dausa,Mustard,Rabi,Flowering,56,24.8,68.9,7.5,29.0,11.5,0,White Rust,Medium
AGR0957,Alwar,Mustard,Rabi,Vegetative,37,14.0,81.3,12.2,40.0,17.7,0,White Rust,Medium
AGR0958,Bikaner,Wheat,Rabi,Flowering,68,27.8,50.4,18.0,33.7,18.9,0,Powdery Mildew,Medium
AGR0959,Hanumangarh,Wheat,Rabi,Vegetative,46,27.1,56.9,9.6,33.0,6.2,0,None,Low
AGR0960,Jaisalmer,Bajra,Kharif,Flowering,57,38.5,79.2,22.2,56.7,26.4,0,None,Low
AGR0961,Hanumangarh,Wheat,Rabi,Vegetative,26,9.3,76.8,24.9,48.8,24.8,0,None,Low
AGR0962,Barmer,Bajra,Kharif,Flowering,43,38.2,68.0,11.6,40.9,20.6,0,None,Low
AGR0963,Churu,Wheat,Rabi,Maturity,110,16.2,39.7,19.7,31.5,8.8,1,Powdery Mildew,Medium
AGR0964,Alwar,Mustard,Rabi,Vegetative,33,32.7,76.2,21.2,52.8,21.6,1,White Rust,Medium
AGR0965,Churu,Wheat,Rabi,Maturity,101,31.8,74.3,15.1,47.0,8.3,0,None,Low
AGR0966,Alwar,Mustard,Rabi,Flowering,58,32.0,76.2,11.8,36.5,1.1,0,White Rust,Medium
AGR0967,Jodhpur,Bajra,Kharif,Flowering,47,34.8,52.4,46.3,67.2,26.9,1,Ergot,Medium
AGR0968,Hanumangarh,Wheat,Rabi,Vegetative,27,13.1,67.2,2.3,20.0,20.4,0,None,Low
AGR0969,Jodhpur,Bajra,Kharif,Flowering,55,28.9,82.7,18.6,48.9,4.1,0,Ergot,Medium
AGR0970,Bharatpur,Mustard,Rabi,Flowering,68,19.0,36.2,14.4,38.0,1.1,0,White Rust,Medium
AGR0971,Barmer,Bajra,Kharif,Maturity,89,32.5,92.5,41.9,69.6,24.7,1,Ergot,Medium
AGR0972,Ajmer,Chickpea,Rabi,Seedling,4,32.9,35.7,3.2,15.1,15.6,0,None,Low
AGR0973,Nagaur,Bajra,Kharif,Flowering,41,39.9,96.8,2.3,31.4,10.0,1,None,Low
AGR0974,Bikaner,Wheat,Rabi,Vegetative,21,13.7,71.6,16.0,38.4,3.4,1,Powdery Mildew,Medium
AGR0975,Hanumangarh,Wheat,Rabi,Flowering,72,21.1,67.7,19.5,43.3,0.6,0,Powdery Mildew,Medium
AGR0976,Sriganganagar,Wheat,Rabi,Seedling,20,32.0,61.3,20.3,40.0,22.6,1,None,Low
AGR0977,Barmer,Bajra,Kharif,Maturity,80,25.8,55.3,36.1,66.1,4.4,0,Ergot,Medium
AGR0978,Churu,Wheat,Rabi,Flowering,74,30.9,69.9,21.0,52.9,8.4,0,None,Low
AGR0979,Alwar,Mustard,Rabi,Maturity,81,16.5,66.9,0.8,21.5,20.3,0,None,Low
AGR0980,Barmer,Bajra,Kharif,Vegetative,29,38.7,69.9,38.2,66.1,4.9,0,None,Low
AGR0981,Bharatpur,Mustard,Rabi,Maturity,104,16.7,83.6,24.7,52.3,14.4,0,White Rust,Medium
AGR0982,Bundi,Soybean,Kharif,Vegetative,33,40.7,75.1,14.6,40.5,7.5,0,None,Low
AGR0983,Bikaner,Wheat,Rabi,Maturity,82,33.1,39.5,14.5,38.5,15.6,0,None,Low
AGR0984,Bikaner,Wheat,Rabi,Flowering,51,28.0,57.5,6.8,24.9,4.7,0,Powdery Mildew,Medium
AGR0985,Jodhpur,Bajra,Kharif,Flowering,46,34.4,84.5,28.5,55.4,20.7,0,Ergot,Medium
AGR0986,Alwar,Mustard,Rabi,Seedling,19,11.8,78.5,14.6,39.1,3.6,1,White Rust,Medium
AGR0987,Jodhpur,Bajra,Kharif,Maturity,75,31.2,90.6,44.9,84.8,7.4,0,Downy Mildew,High
AGR0988,Bharatpur,Mustard,Rabi,Seedling,2,27.2,35.5,0.8,10.0,15.7,1,None,Low
AGR0989,Sriganganagar,Wheat,Rabi,Flowering,66,26.8,73.8,8.5,32.2,0.2,0,Powdery Mildew,Medium
AGR0990,Baran,Soybean,Kharif,Vegetative,37,31.6,50.8,4.6,23.1,9.1,0,None,Low
AGR0991,Bundi,Soybean,Kharif,Maturity,91,30.7,63.4,29.1,50.7,1.5,0,None,Low
AGR0992,Jodhpur,Bajra,Kharif,Vegetative,34,24.9,83.4,7.1,24.7,17.9,0,Ergot,Medium
AGR0993,Hanumangarh,Wheat,Rabi,Vegetative,50,9.5,52.4,4.4,15.6,3.1,0,None,Low
AGR0994,Nagaur,Bajra,Kharif,Vegetative,31,33.3,94.6,2.7,27.3,11.8,0,None,Low
AGR0995,Bharatpur,Mustard,Rabi,Vegetative,42,27.1,55.4,20.2,39.7,5.0,1,White Rust,Medium
AGR0996,Bikaner,Wheat,Rabi,Seedling,13,33.9,51.2,8.5,25.8,24.5,1,None,Low
AGR0997,Sikar,Chickpea,Rabi,Maturity,97,23.2,58.4,18.2,43.5,16.2,0,None,Low
AGR0998,Sriganganagar,Wheat,Rabi,Flowering,73,12.4,67.1,3.3,18.0,22.6,1,Powdery Mildew,Medium
AGR0999,Banswara,Maize,Kharif,Maturity,81,41.8,68.1,22.2,50.5,1.3,0,None,Low
AGR1000,Tonk,Mustard,Rabi,Seedling,2,8.4,80.7,3.2,26.2,12.5,0,None,Low
AGR1001,Churu,Wheat,Rabi,Flowering,71,30.0,78.9,13.0,30.3,15.8,1,Powdery Mildew,Medium
AGR1002,Tonk,Mustard,Rabi,Vegetative,39,26.1,82.9,15.1,43.1,15.7,0,White Rust,Medium
AGR1003,Sikar,Chickpea,Rabi,Flowering,79,8.4,34.5,14.4,34.2,26.2,0,None,Low
AGR1004,Nagaur,Bajra,Kharif,Flowering,59,39.3,97.2,26.4,65.3,22.1,0,Ergot,Medium
AGR1005,Kota,Soybean,Kharif,Vegetative,30,38.8,81.1,16.9,44.2,13.2,0,None,Low
AGR1006,Jaisalmer,Bajra,Kharif,Seedling,8,39.2,64.3,46.2,80.4,6.4,0,None,Low
AGR1007,Barmer,Bajra,Kharif,Vegetative,34,37.0,80.3,37.5,70.1,12.2,0,Ergot,Medium
AGR1008,Bundi,Soybean,Kharif,Maturity,91,40.7,80.4,14.4,46.3,17.9,0,None,Low
AGR1009,Hanumangarh,Wheat,Rabi,Maturity,108,15.7,46.1,10.0,17.5,23.9,0,None,Low
AGR1010,Bharatpur,Mustard,Rabi,Flowering,72,21.5,67.3,9.8,25.7,7.4,1,White Rust,Medium
AGR1011,Churu,Wheat,Rabi,Flowering,71,33.8,63.2,23.3,50.6,5.7,0,None,Low
AGR1012,Rajsamand,Maize,Kharif,Maturity,74,24.9,91.1,34.0,75.8,5.2,1,Turcicum Blight,High
AGR1013,Pali,Chickpea,Rabi,Maturity,90,15.3,74.0,11.3,37.8,18.8,1,Wilt,Medium
AGR1014,Churu,Wheat,Rabi,Flowering,75,16.6,51.0,24.8,42.6,6.9,1,Powdery Mildew,Medium
AGR1015,Jodhpur,Bajra,Kharif,Flowering,51,32.1,90.5,12.0,37.3,11.6,1,Ergot,Medium
AGR1016,Nagaur,Chickpea,Rabi,Maturity,107,24.6,56.5,11.5,29.2,10.2,0,None,Low
AGR1017,Hanumangarh,Wheat,Rabi,Flowering,68,23.8,64.3,16.3,44.9,2.0,0,Powdery Mildew,Medium
AGR1018,Barmer,Bajra,Kharif,Seedling,10,34.6,95.8,27.0,59.4,20.0,0,Ergot,Medium
AGR1019,Sikar,Chickpea,Rabi,Vegetative,25,23.0,77.0,23.2,56.2,5.2,1,Ascochyta Blight,High
AGR1020,Bikaner,Wheat,Rabi,Seedling,8,19.8,51.6,10.1,30.9,3.5,0,None,Low
AGR1021,Jaisalmer,Bajra,Kharif,Seedling,5,38.3,51.7,26.4,55.8,18.5,0,None,Low
AGR1022,Bikaner,Wheat,Rabi,Vegetative,27,13.6,79.8,21.0,50.1,13.2,0,Powdery Mildew,Medium
AGR1023,Nagaur,Chickpea,Rabi,Flowering,65,19.1,43.0,18.2,34.5,3.7,1,Wilt,Medium
AGR1024,Udaipur,Maize,Kharif,Vegetative,42,35.6,90.4,11.4,46.3,24.3,0,None,Low
AGR1025,Nagaur,Chickpea,Rabi,Flowering,65,8.9,80.2,3.0,23.0,18.1,0,None,Low
AGR1026,Alwar,Mustard,Rabi,Flowering,59,14.8,76.0,12.8,35.9,3.8,0,White Rust,Medium
AGR1027,Pali,Chickpea,Rabi,Vegetative,40,23.4,52.4,16.5,27.1,24.7,1,Wilt,Medium
AGR1028,Kota,Soybean,Kharif,Flowering,51,30.2,63.9,0.7,13.7,16.1,0,None,Low
AGR1029,Alwar,Mustard,Rabi,Flowering,56,18.9,50.6,4.6,30.3,12.0,0,None,Low
AGR1030,Baran,Soybean,Kharif,Flowering,58,41.7,64.3,30.0,58.8,21.7,0,None,Low
AGR1031,Bikaner,Wheat,Rabi,Maturity,110,28.2,48.1,15.3,25.9,24.4,0,None,Low
AGR1032,Barmer,Bajra,Kharif,Maturity,89,22.3,70.9,11.2,40.7,10.9,1,Ergot,Medium
AGR1033,Sriganganagar,Wheat,Rabi,Maturity,93,19.2,71.1,2.3,20.6,14.4,0,None,Low
AGR1034,Bikaner,Wheat,Rabi,Vegetative,25,23.2,57.2,18.3,42.3,10.7,0,None,Low
AGR1035,Churu,Wheat,Rabi,Maturity,82,33.5,56.5,14.3,37.2,23.1,1,None,Low
AGR1036,Jaisalmer,Bajra,Kharif,Maturity,76,27.5,53.6,35.4,66.9,13.5,1,Ergot,Medium
AGR1037,Bharatpur,Mustard,Rabi,Flowering,53,32.2,84.0,10.0,34.5,11.6,0,White Rust,Medium
AGR1038,Jaisalmer,Bajra,Kharif,Flowering,60,30.2,65.6,39.1,62.9,21.3,0,Ergot,Medium
AGR1039,Bikaner,Wheat,Rabi,Seedling,7,20.9,32.5,7.7,10.0,8.2,1,None,Low
AGR1040,Bharatpur,Mustard,Rabi,Vegetative,37,29.9,34.8,20.1,34.0,18.7,0,None,Low
AGR1041,Dausa,Mustard,Rabi,Flowering,65,27.8,53.8,17.0,40.2,17.1,1,White Rust,Medium
AGR1042,Kota,Soybean,Kharif,Vegetative,34,37.4,71.4,23.6,54.0,18.0,1,None,Low
AGR1043,Bharatpur,Mustard,Rabi,Flowering,52,10.9,54.0,24.3,51.6,1.1,0,White Rust,Medium
AGR1044,Nagaur,Bajra,Kharif,Flowering,55,28.3,65.1,31.7,59.0,3.0,1,Ergot,Medium
AGR1045,Pali,Chickpea,Rabi,Flowering,77,25.0,35.2,2.4,16.0,20.4,0,None,Low
AGR1046,Barmer,Bajra,Kharif,Flowering,64,28.5,96.9,1.9,31.7,12.5,0,Ergot,Medium
AGR1047,Bikaner,Wheat,Rabi,Maturity,89,11.1,49.3,25.0,48.3,24.9,0,None,Low
AGR1048,Bikaner,Wheat,Rabi,Maturity,100,9.3,61.0,16.2,33.1,5.9,1,None,Low
AGR1049,Sikar,Chickpea,Rabi,Vegetative,37,11.9,79.7,24.2,45.9,27.8,0,Wilt,Medium
AGR1050,Churu,Wheat,Rabi,Flowering,73,29.3,66.5,8.6,26.1,4.8,0,None,Low
AGR1051,Sikar,Chickpea,Rabi,Flowering,65,10.1,68.1,19.6,45.0,23.1,1,Wilt,Medium
AGR1052,Bharatpur,Mustard,Rabi,Maturity,105,32.7,78.4,25.0,47.0,6.8,0,None,Low
AGR1053,Sikar,Chickpea,Rabi,Seedling,6,28.6,62.3,6.5,23.3,27.5,0,None,Low
AGR1054,Bundi,Soybean,Kharif,Vegetative,32,40.0,56.2,1.3,15.4,19.3,1,None,Low
AGR1055,Rajsamand,Maize,Kharif,Maturity,80,34.1,94.9,11.7,46.4,2.4,1,Common Rust,Medium
AGR1056,Tonk,Mustard,Rabi,Maturity,94,15.0,31.0,0.9,13.7,25.6,1,None,Low
AGR1057,Kota,Soybean,Kharif,Flowering,52,29.0,69.7,0.9,22.3,7.6,1,None,Low
AGR1058,Bharatpur,Mustard,Rabi,Seedling,11,29.7,63.9,18.8,44.0,12.5,0,None,Low
AGR1059,Dausa,Mustard,Rabi,Vegetative,40,16.4,56.6,8.1,29.1,23.5,0,None,Low
AGR1060,Nagaur,Bajra,Kharif,Seedling,7,28.0,81.7,6.8,30.9,19.2,0,Ergot,Medium
AGR1061,Sikar,Chickpea,Rabi,Seedling,19,32.7,63.5,14.0,33.1,26.9,1,None,Low
AGR1062,Udaipur,Maize,Kharif,Vegetative,40,34.5,62.5,14.6,44.0,19.7,0,None,Low
AGR1063,Bundi,Soybean,Kharif,Maturity,110,36.7,64.6,17.3,27.7,27.7,1,None,Low
AGR1064,Tonk,Mustard,Rabi,Vegetative,28,10.8,52.3,1.6,13.9,23.0,0,None,Low
AGR1065,Tonk,Mustard,Rabi,Vegetative,44,10.5,67.1,1.4,20.8,18.8,0,None,Low
AGR1066,Barmer,Bajra,Kharif,Vegetative,26,38.9,69.1,26.1,54.8,11.2,0,None,Low
AGR1067,Bikaner,Wheat,Rabi,Vegetative,28,16.1,74.2,6.8,36.1,20.2,0,None,Low
AGR1068,Hanumangarh,Wheat,Rabi,Vegetative,44,13.6,43.7,8.4,32.5,16.5,0,None,Low
AGR1069,Dausa,Mustard,Rabi,Seedling,6,20.3,71.0,5.3,27.2,0.3,0,None,Low
AGR1070,Sriganganagar,Wheat,Rabi,Vegetative,24,29.0,75.2,1.5,24.2,17.1,0,None,Low
AGR1071,Churu,Wheat,Rabi,Flowering,54,18.2,73.7,21.9,50.2,23.8,0,Powdery Mildew,Medium
AGR1072,Bikaner,Wheat,Rabi,Vegetative,42,29.0,44.8,20.3,35.1,14.9,1,None,Low
AGR1073,Hanumangarh,Wheat,Rabi,Maturity,98,9.4,55.1,23.6,38.9,24.9,1,None,Low
AGR1074,Churu,Wheat,Rabi,Vegetative,44,10.8,70.9,20.1,44.9,7.6,0,Powdery Mildew,Medium
AGR1075,Udaipur,Maize,Kharif,Vegetative,43,31.4,84.1,22.0,55.4,3.2,1,Common Rust,Medium
AGR1076,Dausa,Mustard,Rabi,Seedling,10,27.1,80.1,16.3,42.4,21.7,0,White Rust,Medium
AGR1077,Dausa,Mustard,Rabi,Flowering,75,17.7,40.1,16.1,33.4,9.2,0,White Rust,Medium
AGR1078,Jaisalmer,Bajra,Kharif,Seedling,5,39.2,55.9,21.7,33.5,11.1,0,None,Low
AGR1079,Churu,Wheat,Rabi,Flowering,64,33.3,38.4,0.2,11.9,6.7,0,None,Low
AGR1080,Pali,Chickpea,Rabi,Vegetative,32,30.1,41.5,6.0,17.6,3.6,1,None,Low
AGR1081,Baran,Soybean,Kharif,Vegetative,50,36.3,53.3,16.6,29.5,7.9,0,None,Low
AGR1082,Bikaner,Wheat,Rabi,Maturity,81,23.0,70.2,13.3,40.3,26.1,1,Powdery Mildew,Medium
AGR1083,Bharatpur,Mustard,Rabi,Flowering,55,33.7,49.9,19.4,47.5,20.7,0,None,Low
AGR1084,Ajmer,Chickpea,Rabi,Maturity,90,32.1,54.6,13.3,37.3,11.6,0,None,Low
AGR1085,Pali,Chickpea,Rabi,Vegetative,22,31.0,42.6,6.0,25.2,10.4,1,None,Low
AGR1086,Bharatpur,Mustard,Rabi,Flowering,58,14.2,60.9,3.4,25.9,9.0,0,None,Low
AGR1087,Barmer,Bajra,Kharif,Vegetative,33,40.3,69.6,37.4,69.0,3.2,0,None,Low
AGR1088,Bikaner,Wheat,Rabi,Flowering,58,14.7,74.4,19.1,36.2,10.8,0,Powdery Mildew,Medium
AGR1089,Dungarpur,Maize,Kharif,Flowering,55,41.1,93.7,48.1,85.2,12.0,0,Common Rust,Medium
AGR1090,Hanumangarh,Wheat,Rabi,Vegetative,43,13.3,64.5,17.1,42.4,3.5,0,Powdery Mildew,Medium
AGR1091,Nagaur,Chickpea,Rabi,Maturity,97,29.2,31.0,12.1,26.5,9.3,0,None,Low
AGR1092,Jodhpur,Bajra,Kharif,Flowering,48,36.8,65.0,41.3,75.4,16.7,0,Ergot,Medium
AGR1093,Barmer,Bajra,Kharif,Vegetative,36,37.9,97.5,34.0,64.9,27.6,0,Ergot,Medium
AGR1094,Alwar,Mustard,Rabi,Flowering,61,8.8,48.6,2.7,20.9,7.3,0,None,Low
AGR1095,Bikaner,Wheat,Rabi,Flowering,62,30.6,31.8,13.0,19.8,15.9,0,None,Low
AGR1096,Sriganganagar,Wheat,Rabi,Flowering,69,23.2,56.1,19.8,39.5,3.7,0,Powdery Mildew,Medium
AGR1097,Hanumangarh,Wheat,Rabi,Flowering,75,16.4,63.9,17.3,39.6,11.3,0,Powdery Mildew,Medium
AGR1098,Bikaner,Wheat,Rabi,Maturity,98,31.6,52.9,10.1,32.3,1.0,0,None,Low
AGR1099,Baran,Soybean,Kharif,Seedling,6,33.0,84.0,5.7,35.8,8.6,0,None,Low
AGR1100,Tonk,Mustard,Rabi,Flowering,70,29.1,50.1,6.0,22.8,18.8,0,None,Low
AGR1101,Bikaner,Wheat,Rabi,Flowering,58,13.3,79.3,2.6,16.1,19.8,0,Powdery Mildew,Medium
AGR1102,Udaipur,Maize,Kharif,Vegetative,37,32.0,91.8,6.3,37.3,19.0,0,Common Rust,Medium
AGR1103,Ajmer,Chickpea,Rabi,Maturity,86,23.4,56.4,12.3,30.3,20.2,0,None,Low
AGR1104,Ajmer,Chickpea,Rabi,Flowering,75,33.3,35.0,0.5,18.1,22.6,0,None,Low
AGR1105,Udaipur,Maize,Kharif,Flowering,59,24.2,97.4,31.0,72.2,18.2,0,Turcicum Blight,High
AGR1106,Hanumangarh,Wheat,Rabi,Flowering,54,13.4,43.2,16.5,28.1,25.5,0,Powdery Mildew,Medium
AGR1107,Alwar,Mustard,Rabi,Maturity,83,34.5,40.9,3.4,19.3,1.6,0,None,Low
AGR1108,Kota,Soybean,Kharif,Vegetative,47,39.4,64.1,0.1,22.4,6.3,0,None,Low
AGR1109,Jodhpur,Bajra,Kharif,Seedling,5,28.8,97.6,26.2,63.4,5.7,0,Ergot,Medium
AGR1110,Sriganganagar,Wheat,Rabi,Maturity,110,17.0,48.2,0.5,17.1,3.8,0,None,Low
AGR1111,Baran,Soybean,Kharif,Maturity,83,35.9,55.8,11.5,33.7,9.8,1,None,Low
AGR1112,Sriganganagar,Wheat,Rabi,Vegetative,22,28.5,62.0,17.2,46.7,15.9,1,None,Low
AGR1113,Sriganganagar,Wheat,Rabi,Maturity,112,26.5,30.2,23.3,34.3,3.1,1,Powdery Mildew,Medium
AGR1114,Tonk,Mustard,Rabi,Maturity,83,19.0,72.4,10.9,30.3,26.5,1,White Rust,Medium
AGR1115,Nagaur,Bajra,Kharif,Flowering,65,31.4,92.0,40.5,80.1,27.5,0,Downy Mildew,High
AGR1116,Jodhpur,Bajra,Kharif,Flowering,43,40.5,93.1,36.6,62.4,10.3,0,Ergot,Medium
AGR1117,Bikaner,Wheat,Rabi,Maturity,92,10.9,67.9,24.5,53.0,20.3,0,None,Low
AGR1118,Ajmer,Chickpea,Rabi,Flowering,79,33.1,74.2,4.1,29.6,7.0,0,None,Low
AGR1119,Churu,Wheat,Rabi,Flowering,80,17.2,39.3,14.5,17.5,27.3,0,None,Low
AGR1120,Bikaner,Wheat,Rabi,Maturity,111,28.6,53.3,0.1,12.9,8.8,1,None,Low
AGR1121,Nagaur,Chickpea,Rabi,Vegetative,46,22.2,47.8,2.8,25.6,12.4,1,Wilt,Medium
AGR1122,Udaipur,Maize,Kharif,Flowering,67,27.1,93.6,5.1,26.9,1.4,0,Common Rust,Medium
AGR1123,Sikar,Chickpea,Rabi,Flowering,63,8.1,48.0,16.5,35.3,20.5,0,None,Low
AGR1124,Bundi,Soybean,Kharif,Maturity,98,31.1,82.8,18.0,41.4,18.7,0,None,Low
AGR1125,Jaisalmer,Bajra,Kharif,Seedling,3,22.8,68.8,39.5,64.5,22.5,1,Ergot,Medium
AGR1126,Jodhpur,Bajra,Kharif,Flowering,62,36.3,59.8,12.4,42.4,27.9,1,None,Low
AGR1127,Hanumangarh,Wheat,Rabi,Vegetative,21,10.8,39.9,3.3,16.5,9.2,1,None,Low
AGR1128,Alwar,Mustard,Rabi,Vegetative,37,13.7,57.4,11.9,34.1,25.2,0,None,Low
AGR1129,Tonk,Mustard,Rabi,Vegetative,28,8.9,47.6,14.9,31.6,16.9,0,None,Low
AGR1130,Hanumangarh,Wheat,Rabi,Maturity,103,21.0,74.9,1.6,16.8,22.8,0,None,Low
AGR1131,Nagaur,Bajra,Kharif,Vegetative,23,31.9,56.4,44.3,64.2,18.2,0,None,Low
AGR1132,Tonk,Mustard,Rabi,Maturity,88,12.4,31.9,3.5,19.7,17.0,1,None,Low
AGR1133,Churu,Wheat,Rabi,Flowering,67,12.8,42.4,0.6,14.2,20.2,1,Powdery Mildew,Medium
AGR1134,Hanumangarh,Wheat,Rabi,Flowering,79,29.9,73.8,3.2,22.1,25.3,0,None,Low
AGR1135,Nagaur,Bajra,Kharif,Vegetative,17,35.4,93.1,22.4,54.7,12.2,0,None,Low
AGR1136,Bikaner,Wheat,Rabi,Flowering,67,29.2,35.1,13.0,29.4,23.4,0,None,Low
AGR1137,Ajmer,Chickpea,Rabi,Flowering,63,30.4,82.6,17.5,48.1,5.8,1,Wilt,Medium
AGR1138,Bharatpur,Mustard,Rabi,Flowering,74,8.5,56.4,12.8,28.4,6.7,0,None,Low
AGR1139,Tonk,Mustard,Rabi,Flowering,63,11.4,62.2,19.1,33.7,27.8,0,White Rust,Medium
AGR1140,Jodhpur,Bajra,Kharif,Vegetative,36,37.2,88.1,30.8,61.4,27.6,0,Ergot,Medium
AGR1141,Baran,Soybean,Kharif,Flowering,66,34.8,91.3,47.3,89.7,26.0,0,Rust,High
AGR1142,Alwar,Mustard,Rabi,Vegetative,28,18.3,34.3,4.3,19.7,1.7,1,White Rust,Medium
AGR1143,Jodhpur,Bajra,Kharif,Vegetative,30,24.1,58.9,17.1,40.2,15.2,0,None,Low
AGR1144,Barmer,Bajra,Kharif,Maturity,75,36.2,60.1,33.6,57.5,19.7,0,None,Low
AGR1145,Sriganganagar,Wheat,Rabi,Flowering,71,23.1,79.7,2.8,24.7,5.0,0,Powdery Mildew,Medium
AGR1146,Ajmer,Chickpea,Rabi,Seedling,19,19.6,37.0,14.2,27.4,11.2,0,None,Low
AGR1147,Kota,Soybean,Kharif,Vegetative,45,27.7,58.2,16.8,41.5,17.0,1,Bacterial Pustule,Medium
AGR1148,Nagaur,Bajra,Kharif,Vegetative,37,33.5,57.9,6.2,29.9,0.7,0,None,Low
AGR1149,Ajmer,Chickpea,Rabi,Maturity,92,8.3,78.4,1.1,23.5,20.5,0,None,Low
AGR1150,Sikar,Chickpea,Rabi,Seedling,1,31.5,35.4,10.9,36.4,26.9,1,None,Low
AGR1151,Jodhpur,Bajra,Kharif,Vegetative,30,38.7,73.5,38.1,68.2,23.3,0,None,Low
AGR1152,Kota,Soybean,Kharif,Flowering,63,29.0,92.8,23.5,54.3,14.8,0,Bacterial Pustule,Medium
AGR1153,Jodhpur,Bajra,Kharif,Seedling,8,42.0,90.5,18.1,56.2,0.3,0,None,Low
AGR1154,Barmer,Bajra,Kharif,Vegetative,27,34.5,83.8,32.5,53.9,27.1,0,Ergot,Medium
AGR1155,Nagaur,Bajra,Kharif,Vegetative,23,39.3,71.5,3.1,27.6,13.3,1,None,Low
AGR1156,Bundi,Soybean,Kharif,Vegetative,39,35.8,79.2,26.9,55.7,13.1,1,Bacterial Pustule,Medium
AGR1157,Sriganganagar,Wheat,Rabi,Flowering,61,15.9,45.3,12.5,35.8,4.5,0,Powdery Mildew,Medium
AGR1158,Ajmer,Chickpea,Rabi,Flowering,51,17.2,47.8,14.7,35.0,1.9,0,Wilt,Medium
AGR1159,Pali,Chickpea,Rabi,Vegetative,49,30.4,60.9,16.8,39.1,19.7,0,None,Low
AGR1160,Hanumangarh,Wheat,Rabi,Maturity,120,15.9,55.9,23.9,48.8,21.5,0,None,Low
AGR1161,Baran,Soybean,Kharif,Maturity,86,41.4,85.8,8.8,31.0,1.8,0,None,Low
AGR1162,Churu,Wheat,Rabi,Vegetative,26,23.6,49.7,6.9,28.0,22.6,1,Powdery Mildew,Medium
AGR1163,Tonk,Mustard,Rabi,Seedling,18,17.9,47.4,21.2,32.9,23.7,0,None,Low
AGR1164,Nagaur,Bajra,Kharif,Flowering,49,29.1,90.0,42.5,79.8,11.9,0,Downy Mildew,High
AGR1165,Sriganganagar,Wheat,Rabi,Vegetative,39,9.8,30.1,13.1,24.9,9.6,0,None,Low
AGR1166,Bundi,Soybean,Kharif,Vegetative,37,41.9,87.1,38.1,63.0,26.7,0,Bacterial Pustule,Medium
AGR1167,Jhalawar,Soybean,Kharif,Vegetative,22,39.8,65.3,8.3,29.9,20.9,1,None,Low
AGR1168,Dausa,Mustard,Rabi,Flowering,64,18.2,56.0,15.8,37.2,25.4,0,White Rust,Medium
AGR1169,Hanumangarh,Wheat,Rabi,Flowering,77,19.3,73.1,6.7,26.7,19.5,0,Powdery Mildew,Medium
AGR1170,Churu,Wheat,Rabi,Flowering,69,8.0,77.9,0.8,19.3,20.0,1,Powdery Mildew,Medium
AGR1171,Jaisalmer,Bajra,Kharif,Vegetative,17,22.9,62.8,24.9,51.2,11.8,0,None,Low
AGR1172,Dungarpur,Maize,Kharif,Flowering,50,25.8,66.0,36.4,65.3,18.7,0,Common Rust,Medium
AGR1173,Nagaur,Bajra,Kharif,Maturity,69,23.4,85.9,2.7,30.1,15.2,0,Ergot,Medium
AGR1174,Sriganganagar,Wheat,Rabi,Vegetative,37,15.0,62.3,6.5,26.5,27.6,1,Powdery Mildew,Medium
AGR1175,Jaisalmer,Bajra,Kharif,Vegetative,28,28.2,61.6,13.9,32.3,25.1,1,None,Low
AGR1176,Bharatpur,Mustard,Rabi,Seedling,16,25.2,70.2,23.0,60.0,25.5,0,White Rust,Medium
AGR1177,Bundi,Soybean,Kharif,Flowering,73,36.8,59.5,42.2,67.0,5.7,0,None,Low
AGR1178,Bikaner,Wheat,Rabi,Vegetative,39,28.1,67.7,19.0,38.8,14.9,1,Powdery Mildew,Medium
AGR1179,Bundi,Soybean,Kharif,Vegetative,23,34.8,95.8,5.1,35.1,8.6,0,Bacterial Pustule,Medium
AGR1180,Bharatpur,Mustard,Rabi,Seedling,0,24.5,83.0,2.4,26.9,0.6,0,White Rust,Medium
AGR1181,Rajsamand,Maize,Kharif,Seedling,15,23.1,52.5,45.4,68.6,20.2,1,Common Rust,Medium
AGR1182,Bharatpur,Mustard,Rabi,Maturity,87,26.3,58.7,19.5,50.4,4.4,0,None,Low
AGR1183,Nagaur,Bajra,Kharif,Vegetative,31,29.8,73.5,5.5,23.0,11.7,0,None,Low
AGR1184,Sikar,Chickpea,Rabi,Flowering,56,16.5,32.0,3.4,13.9,21.4,1,Wilt,Medium
AGR1185,Sriganganagar,Wheat,Rabi,Seedling,8,8.5,81.4,2.2,21.7,22.4,0,None,Low
AGR1186,Nagaur,Chickpea,Rabi,Vegetative,44,32.3,81.8,21.7,47.9,8.1,0,Wilt,Medium
AGR1187,Jodhpur,Bajra,Kharif,Flowering,64,28.7,70.5,7.0,38.2,0.6,0,None,Low
AGR1188,Churu,Wheat,Rabi,Vegetative,33,31.5,60.5,15.2,37.8,26.0,0,None,Low
AGR1189,Bharatpur,Mustard,Rabi,Vegetative,22,26.0,68.0,19.7,45.4,3.3,0,White Rust,Medium
AGR1190,Nagaur,Bajra,Kharif,Vegetative,39,29.2,96.5,46.1,79.6,24.8,0,Ergot,Medium
AGR1191,Sriganganagar,Wheat,Rabi,Flowering,60,20.2,77.1,1.2,22.4,4.2,0,Powdery Mildew,Medium
AGR1192,Jaisalmer,Bajra,Kharif,Maturity,85,30.3,73.2,13.2,46.9,10.0,1,Ergot,Medium
AGR1193,Dausa,Mustard,Rabi,Flowering,55,12.4,56.9,19.8,43.3,18.5,0,White Rust,Medium
AGR1194,Jodhpur,Bajra,Kharif,Vegetative,39,24.2,73.4,34.9,62.2,14.8,1,Ergot,Medium
AGR1195,Sriganganagar,Wheat,Rabi,Maturity,107,18.6,64.2,24.2,50.5,2.7,1,Powdery Mildew,Medium
AGR1196,Nagaur,Chickpea,Rabi,Seedling,14,18.5,52.4,14.4,34.3,4.3,1,Wilt,Medium
AGR1197,Banswara,Maize,Kharif,Flowering,54,25.5,63.7,47.8,72.3,20.6,0,Common Rust,Medium
AGR1198,Rajsamand,Maize,Kharif,Flowering,60,35.2,89.2,6.4,32.6,24.1,1,Common Rust,Medium
AGR1199,Nagaur,Bajra,Kharif,Vegetative,33,33.9,66.1,40.8,80.1,22.5,0,Ergot,Medium
AGR1200,Sriganganagar,Wheat,Rabi,Maturity,103,30.8,36.4,24.2,41.9,26.9,0,None,Low
